State,DivisionId,DivisionAb,DivisionName,PartyAb,CandidateSurname,Votes
ACT,318,BEAN,Bean,ON,AMBARD,2680
ACT,318,BEAN,Bean,LP,HIATT,29241
ACT,318,BEAN,Bean,GRN,SAVERY,14559
ACT,318,BEAN,Bean,UAPP,CONWAY,2831
ACT,318,BEAN,Bean,ALP,SMITH,41060
ACT,318,BEAN,Bean,IND,CHRISTIE,8023
ACT,318,BEAN,Bean,,Informal,2915
ACT,101,CANB,Canberra,,Informal,1668
ACT,101,CANB,Canberra,ON,MILES,1531
ACT,101,CANB,Canberra,UAPP,SMITH,1687
ACT,101,CANB,Canberra,ALP,PAYNE,41435
ACT,101,CANB,Canberra,LP,MINSON,20102
ACT,101,CANB,Canberra,IND,BOHM,4772
ACT,101,CANB,Canberra,GRN,HOLLO,22795
ACT,102,FENN,Fenner,,Informal,2533
ACT,102,FENN,Fenner,ALP,LEIGH,44100
ACT,102,FENN,Fenner,UAPP,ELTON,2346
ACT,102,FENN,Fenner,GRN,SOJIC,15294
ACT,102,FENN,Fenner,LP,KUSTER,25416
ACT,102,FENN,Fenner,ON,GRANT,2419
ACT,102,FENN,Fenner,LDP,JAKEMAN,1706
NSW,103,BANK,Banks,,KHOUW,886
NSW,103,BANK,Banks,ALP,ALP_BANK,35509
NSW,103,BANK,Banks,LP,LP_BANK,44197
NSW,103,BANK,Banks,GRN,GRN_BANK,8536
NSW,103,BANK,Banks,ON,ON_BANK,3240
NSW,103,BANK,Banks,LDP,LDP_BANK,1156
NSW,103,BANK,Banks,UAPP,UAPP_BANK,5563
NSW,103,BANK,Banks,,Informal,7274
NSW,104,BART,Barton,,Informal,8447
NSW,104,BART,Barton,,KHOUW,75
NSW,104,BART,Barton,ALP,ALP_BART,46861
NSW,104,BART,Barton,LP,LP_BART,28705
NSW,104,BART,Barton,GRN,GRN_BART,10749
NSW,104,BART,Barton,ON,ON_BART,4742
NSW,104,BART,Barton,LDP,LDP_BART,108
NSW,104,BART,Barton,UAPP,UAPP_BART,6400
NSW,105,BENN,Bennelong,IND,TINK,8698
NSW,105,BENN,Bennelong,ALP,ALP_BENN,33911
NSW,105,BENN,Bennelong,LP,LP_BENN,42996
NSW,105,BENN,Bennelong,GRN,GRN_BENN,10927
NSW,105,BENN,Bennelong,ON,ON_BENN,1625
NSW,105,BENN,Bennelong,LDP,LDP_BENN,1517
NSW,105,BENN,Bennelong,SPP,SPP_BENN,425
NSW,105,BENN,Bennelong,IMO,IMO_BENN,181
NSW,105,BENN,Bennelong,UAPP,UAPP_BENN,2788
NSW,105,BENN,Bennelong,DPDA,DPDA_BENN,814
NSW,105,BENN,Bennelong,SOPA,SOPA_BENN,1486
NSW,105,BENN,Bennelong,TNL,TNL_BENN,317
NSW,105,BENN,Bennelong,,Informal,6318
NSW,106,BERO,Berowra,,Informal,6805
NSW,106,BERO,Berowra,IND,WOODWARD,821
NSW,106,BERO,Berowra,IND,BOELE,2322
NSW,106,BERO,Berowra,IND,KITSON,366
NSW,106,BERO,Berowra,IND,DUNCAN-STRELEC,0
NSW,106,BERO,Berowra,IND,CASWELL,1696
NSW,106,BERO,Berowra,ALP,ALP_BERO,26634
NSW,106,BERO,Berowra,LP,LP_BERO,52772
NSW,106,BERO,Berowra,GRN,GRN_BERO,16653
NSW,106,BERO,Berowra,ASP,ASP_BERO,0
NSW,106,BERO,Berowra,ON,ON_BERO,3207
NSW,106,BERO,Berowra,LDP,LDP_BERO,2267
NSW,106,BERO,Berowra,CYA,CYA_BERO,473
NSW,106,BERO,Berowra,UAPP,UAPP_BERO,2869
NSW,106,BERO,Berowra,DPDA,DPDA_BERO,185
NSW,106,BERO,Berowra,SOPA,SOPA_BERO,1553
NSW,107,BLAX,Blaxland,GRN,GRN_BLAX,5680
NSW,107,BLAX,Blaxland,ON,ON_BLAX,3706
NSW,107,BLAX,Blaxland,LDP,LDP_BLAX,918
NSW,107,BLAX,Blaxland,AJP,AJP_BLAX,526
NSW,107,BLAX,Blaxland,UAPP,UAPP_BLAX,6062
NSW,107,BLAX,Blaxland,,Informal,10873
NSW,107,BLAX,Blaxland,IND,CHRISTOU,837
NSW,107,BLAX,Blaxland,ALP,ALP_BLAX,42959
NSW,107,BLAX,Blaxland,LP,LP_BLAX,22639
NSW,108,BRFD,Bradfield,,Informal,4536
NSW,108,BRFD,Bradfield,IND,BOELE,17876
NSW,108,BRFD,Bradfield,IND,KITSON,2652
NSW,108,BRFD,Bradfield,IND,TINK,7574
NSW,108,BRFD,Bradfield,ALP,ALP_BRFD,19743
NSW,108,BRFD,Bradfield,LP,LP_BRFD,48602
NSW,108,BRFD,Bradfield,GRN,GRN_BRFD,9592
NSW,108,BRFD,Bradfield,ON,ON_BRFD,1633
NSW,108,BRFD,Bradfield,LDP,LDP_BRFD,322
NSW,108,BRFD,Bradfield,SPP,SPP_BRFD,354
NSW,108,BRFD,Bradfield,IMO,IMO_BRFD,150
NSW,108,BRFD,Bradfield,UAPP,UAPP_BRFD,2577
NSW,108,BRFD,Bradfield,TNL,TNL_BRFD,259
NSW,109,CALA,Calare,,Informal,4455
NSW,109,CALA,Calare,IND,HOOK,21891
NSW,109,CALA,Calare,UAPP,JANNIS,4067
NSW,109,CALA,Calare,GRN,NANKERVIS,4891
NSW,109,CALA,Calare,NP,GEE,51161
NSW,109,CALA,Calare,ALP,ELLIOTT,16252
NSW,109,CALA,Calare,ON,WHITTAKER,9057
NSW,111,CHIF,Chifley,,Informal,8551
NSW,111,CHIF,Chifley,IND,KHAN,1666
NSW,111,CHIF,Chifley,ALP,ALP_CHIF,46460
NSW,111,CHIF,Chifley,LP,LP_CHIF,21584
NSW,111,CHIF,Chifley,GRN,GRN_CHIF,4975
NSW,111,CHIF,Chifley,ON,ON_CHIF,5444
NSW,111,CHIF,Chifley,LDP,LDP_CHIF,2897
NSW,111,CHIF,Chifley,UAPP,UAPP_CHIF,4637
NSW,112,COOK,Cook,,Informal,4369
NSW,112,COOK,Cook,IND,STEELE,3184
NSW,112,COOK,Cook,IND,SEYMOUR,660
NSW,112,COOK,Cook,ALP,ALP_COOK,24642
NSW,112,COOK,Cook,LP,LP_COOK,55142
NSW,112,COOK,Cook,GRN,GRN_COOK,9687
NSW,112,COOK,Cook,ON,ON_COOK,4536
NSW,112,COOK,Cook,UAPP,UAPP_COOK,4797
NSW,113,COWP,Cowper,,Informal,5658
NSW,113,COWP,Cowper,IND,HEISE,28558
NSW,113,COWP,Cowper,ALP,ALP_COWP,15278
NSW,113,COWP,Cowper,NP,NP_COWP,43124
NSW,113,COWP,Cowper,GRN,GRN_COWP,6387
NSW,113,COWP,Cowper,ON,ON_COWP,8913
NSW,113,COWP,Cowper,LDP,LDP_COWP,4234
NSW,113,COWP,Cowper,UAPP,UAPP_COWP,2618
NSW,114,CUNN,Cunningham,,Informal,6306
NSW,114,CUNN,Cunningham,ALP,ALP_CUNN,46037
NSW,114,CUNN,Cunningham,LP,LP_CUNN,27347
NSW,114,CUNN,Cunningham,GRN,GRN_CUNN,23090
NSW,114,CUNN,Cunningham,CEC,CEC_CUNN,1098
NSW,114,CUNN,Cunningham,ON,ON_CUNN,5994
NSW,114,CUNN,Cunningham,LDP,LDP_CUNN,2578
NSW,114,CUNN,Cunningham,UAPP,UAPP_CUNN,5602
NSW,115,DOBE,Dobell,SOPA,SOPA_DOBE,2194
NSW,115,DOBE,Dobell,,Informal,4917
NSW,115,DOBE,Dobell,ALP,ALP_DOBE,43517
NSW,115,DOBE,Dobell,LP,LP_DOBE,34168
NSW,115,DOBE,Dobell,GRN,GRN_DOBE,8680
NSW,115,DOBE,Dobell,ON,ON_DOBE,7555
NSW,115,DOBE,Dobell,LDP,LDP_DOBE,1536
NSW,115,DOBE,Dobell,UAPP,UAPP_DOBE,3807
NSW,117,EMON,Eden-Monaro,,Informal,7079
NSW,117,EMON,Eden-Monaro,IND,DIGIGLIO,71
NSW,117,EMON,Eden-Monaro,IND,THALER,1676
NSW,117,EMON,Eden-Monaro,IND,MENERIPITIYAGE DONA,225
NSW,117,EMON,Eden-Monaro,IND,ACKERY,4046
NSW,117,EMON,Eden-Monaro,ALP,ALP_EMON,39455
NSW,117,EMON,Eden-Monaro,LP,LP_EMON,35217
NSW,117,EMON,Eden-Monaro,GRN,GRN_EMON,8796
NSW,117,EMON,Eden-Monaro,ASP,ASP_EMON,724
NSW,117,EMON,Eden-Monaro,ON,ON_EMON,4477
NSW,117,EMON,Eden-Monaro,LDP,LDP_EMON,2072
NSW,117,EMON,Eden-Monaro,SPP,SPP_EMON,1788
NSW,117,EMON,Eden-Monaro,AUD,AUD_EMON,499
NSW,117,EMON,Eden-Monaro,IMO,IMO_EMON,723
NSW,117,EMON,Eden-Monaro,UAPP,UAPP_EMON,2708
NSW,118,FARR,Farrer,,Informal,8256
NSW,118,FARR,Farrer,IND,DUNCAN-STRELEC,3189
NSW,118,FARR,Farrer,ALP,ALP_FARR,19097
NSW,118,FARR,Farrer,LP,LP_FARR,52566
NSW,118,FARR,Farrer,GRN,GRN_FARR,9163
NSW,118,FARR,Farrer,ASP,ASP_FARR,5339
NSW,118,FARR,Farrer,ON,ON_FARR,6363
NSW,118,FARR,Farrer,LDP,LDP_FARR,1595
NSW,118,FARR,Farrer,UAPP,UAPP_FARR,3270
NSW,119,FOWL,Fowler,,Informal,10544
NSW,119,FOWL,Fowler,IND,LE,25346
NSW,119,FOWL,Fowler,ALP,ALP_FOWL,32791
NSW,119,FOWL,Fowler,LP,LP_FOWL,15763
NSW,119,FOWL,Fowler,GRN,GRN_FOWL,4373
NSW,119,FOWL,Fowler,ON,ON_FOWL,3241
NSW,119,FOWL,Fowler,LDP,LDP_FOWL,2190
NSW,119,FOWL,Fowler,UAPP,UAPP_FOWL,5885
NSW,120,GILM,Gilmore,,Informal,5082
NSW,120,GILM,Gilmore,IND,DIGIGLIO,4650
NSW,120,GILM,Gilmore,ALP,ALP_GILM,39450
NSW,120,GILM,Gilmore,LP,LP_GILM,46102
NSW,120,GILM,Gilmore,GRN,GRN_GILM,11226
NSW,120,GILM,Gilmore,ON,ON_GILM,4387
NSW,120,GILM,Gilmore,LDP,LDP_GILM,880
NSW,120,GILM,Gilmore,UAPP,UAPP_GILM,3059
NSW,121,GRAY,Grayndler,,Informal,5533
NSW,121,GRAY,Grayndler,IND,KILHAM,1543
NSW,121,GRAY,Grayndler,ALP,ALP_GRAY,55173
NSW,121,GRAY,Grayndler,LP,LP_GRAY,18682
NSW,121,GRAY,Grayndler,GRN,GRN_GRAY,21916
NSW,121,GRAY,Grayndler,CEC,CEC_GRAY,0
NSW,121,GRAY,Grayndler,ON,ON_GRAY,2399
NSW,121,GRAY,Grayndler,SAL,SAL_GRAY,0
NSW,121,GRAY,Grayndler,AJP,AJP_GRAY,908
NSW,121,GRAY,Grayndler,UAPP,UAPP_GRAY,3068
NSW,121,GRAY,Grayndler,SOPA,SOPA_GRAY,999
NSW,122,GREE,Greenway,,Informal,6762
NSW,122,GREE,Greenway,IND,BOSI,2425
NSW,122,GREE,Greenway,IND,NANDA,1219
NSW,122,GREE,Greenway,ALP,ALP_GREE,37966
NSW,122,GREE,Greenway,LP,LP_GREE,28386
NSW,122,GREE,Greenway,GRN,GRN_GREE,6482
NSW,122,GREE,Greenway,ON,ON_GREE,2302
NSW,122,GREE,Greenway,LDP,LDP_GREE,2536
NSW,122,GREE,Greenway,UAPP,UAPP_GREE,3477
NSW,124,HUGH,Hughes,,Informal,5366
NSW,124,HUGH,Hughes,IND,STEELE,10707
NSW,124,HUGH,Hughes,IND,SEYMOUR,2478
NSW,124,HUGH,Hughes,ALP,ALP_HUGH,27501
NSW,124,HUGH,Hughes,LP,LP_HUGH,39793
NSW,124,HUGH,Hughes,GRN,GRN_HUGH,6331
NSW,124,HUGH,Hughes,ON,ON_HUGH,3396
NSW,124,HUGH,Hughes,LDP,LDP_HUGH,1148
NSW,124,HUGH,Hughes,UAPP,UAPP_HUGH,7148
NSW,125,HUME,Hume,,Informal,7014
NSW,125,HUME,Hume,IND,MENERIPITIYAGE DONA,665
NSW,125,HUME,Hume,IND,ACKERY,9264
NSW,125,HUME,Hume,ALP,ALP_HUME,21567
NSW,125,HUME,Hume,LP,LP_HUME,37987
NSW,125,HUME,Hume,GRN,GRN_HUME,5047
NSW,125,HUME,Hume,ASP,ASP_HUME,1791
NSW,125,HUME,Hume,ON,ON_HUME,7092
NSW,125,HUME,Hume,LDP,LDP_HUME,1002
NSW,125,HUME,Hume,UAPP,UAPP_HUME,4894
NSW,126,HUNT,Hunter,,Informal,8319
NSW,126,HUNT,Hunter,IND,BONDS,5354
NSW,126,HUNT,Hunter,IND,LARUFFA,1702
NSW,126,HUNT,Hunter,ALP,ALP_HUNT,41241
NSW,126,HUNT,Hunter,LP,LP_HUNT,2749
NSW,126,HUNT,Hunter,NP,NP_HUNT,25821
NSW,126,HUNT,Hunter,GRN,GRN_HUNT,9227
NSW,126,HUNT,Hunter,ON,ON_HUNT,10558
NSW,126,HUNT,Hunter,LDP,LDP_HUNT,188
NSW,126,HUNT,Hunter,AJP,AJP_HUNT,2160
NSW,126,HUNT,Hunter,IMO,IMO_HUNT,1470
NSW,126,HUNT,Hunter,UAPP,UAPP_HUNT,4137
NSW,127,KSMI,Kingsford Smith,,Informal,4972
NSW,127,KSMI,Kingsford Smith,ALP,ALP_KSMI,46951
NSW,127,KSMI,Kingsford Smith,LP,LP_KSMI,29366
NSW,127,KSMI,Kingsford Smith,GRN,GRN_KSMI,15628
NSW,127,KSMI,Kingsford Smith,ON,ON_KSMI,3447
NSW,127,KSMI,Kingsford Smith,UAPP,UAPP_KSMI,3785
NSW,128,LIND,Lindsay,,Informal,7294
NSW,128,LIND,Lindsay,ALP,ALP_LIND,30512
NSW,128,LIND,Lindsay,LP,LP_LIND,44390
NSW,128,LIND,Lindsay,GRN,GRN_LIND,7614
NSW,128,LIND,Lindsay,ON,ON_LIND,5739
NSW,128,LIND,Lindsay,LDP,LDP_LIND,1488
NSW,128,LIND,Lindsay,IMO,IMO_LIND,1875
NSW,128,LIND,Lindsay,UAPP,UAPP_LIND,4004
NSW,130,LYNE,Lyne,,Informal,7563
NSW,130,LYNE,Lyne,IND,PEARCE,3820
NSW,130,LYNE,Lyne,IND,ATTKINS,5574
NSW,130,LYNE,Lyne,ALP,ALP_LYNE,23024
NSW,130,LYNE,Lyne,NP,NP_LYNE,46661
NSW,130,LYNE,Lyne,GRN,GRN_LYNE,8422
NSW,130,LYNE,Lyne,ON,ON_LYNE,8502
NSW,130,LYNE,Lyne,LDP,LDP_LYNE,6824
NSW,130,LYNE,Lyne,UAPP,UAPP_LYNE,4421
NSW,131,MACA,Macarthur,,Informal,6876
NSW,131,MACA,Macarthur,ALP,ALP_MACA,40456
NSW,131,MACA,Macarthur,LP,LP_MACA,25300
NSW,131,MACA,Macarthur,GRN,GRN_MACA,6761
NSW,131,MACA,Macarthur,ON,ON_MACA,6883
NSW,131,MACA,Macarthur,LDP,LDP_MACA,1846
NSW,131,MACA,Macarthur,UAPP,UAPP_MACA,5062
NSW,132,MACK,Mackellar,ON,ON_MACK,2974
NSW,132,MACK,Mackellar,AJP,AJP_MACK,233
NSW,132,MACK,Mackellar,UAPP,UAPP_MACK,3259
NSW,132,MACK,Mackellar,TNL,TNL_MACK,575
NSW,132,MACK,Mackellar,,Informal,4365
NSW,132,MACK,Mackellar,IND,STEGGALL,5336
NSW,132,MACK,Mackellar,IND,SCAMPS,37724
NSW,132,MACK,Mackellar,ALP,ALP_MACK,9366
NSW,132,MACK,Mackellar,LP,LP_MACK,45313
NSW,132,MACK,Mackellar,GRN,GRN_MACK,7090
NSW,133,MACQ,Macquarie,,Informal,5555
NSW,133,MACQ,Macquarie,ALP,ALP_MACQ,43719
NSW,133,MACQ,Macquarie,LP,LP_MACQ,37529
NSW,133,MACQ,Macquarie,GRN,GRN_MACQ,9905
NSW,133,MACQ,Macquarie,ON,ON_MACQ,5419
NSW,133,MACQ,Macquarie,LDP,LDP_MACQ,1411
NSW,133,MACQ,Macquarie,AJP,AJP_MACQ,2013
NSW,133,MACQ,Macquarie,IMO,IMO_MACQ,1518
NSW,133,MACQ,Macquarie,UAPP,UAPP_MACQ,3042
NSW,315,MCMA,McMahon,IND,NANDA,332
NSW,315,MCMA,McMahon,,Informal,9808
NSW,315,MCMA,McMahon,IND,BOSI,707
NSW,315,MCMA,McMahon,IND,KHAN,173
NSW,315,MCMA,McMahon,ON,ON_MCMA,4561
NSW,315,MCMA,McMahon,ALP,ALP_MCMA,43914
NSW,315,MCMA,McMahon,GRN,GRN_MCMA,5526
NSW,315,MCMA,McMahon,LP,LP_MCMA,25448
NSW,315,MCMA,McMahon,UAPP,UAPP_MCMA,6761
NSW,315,MCMA,McMahon,LDP,LDP_MCMA,3113
NSW,134,MITC,Mitchell,,Informal,4703
NSW,134,MITC,Mitchell,IND,WOODWARD,64
NSW,134,MITC,Mitchell,IND,CASWELL,81
NSW,134,MITC,Mitchell,ALP,ALP_MITC,26600
NSW,134,MITC,Mitchell,LP,LP_MITC,54456
NSW,134,MITC,Mitchell,GRN,GRN_MITC,12448
NSW,134,MITC,Mitchell,ON,ON_MITC,3067
NSW,134,MITC,Mitchell,LDP,LDP_MITC,3463
NSW,134,MITC,Mitchell,CYA,CYA_MITC,26
NSW,134,MITC,Mitchell,UAPP,UAPP_MITC,3631
NSW,134,MITC,Mitchell,SOPA,SOPA_MITC,82
NSW,135,NENG,New England,,Informal,7512
NSW,135,NENG,New England,IND,BONDS,599
NSW,135,NENG,New England,IND,LEDGER,2708
NSW,135,NENG,New England,IND,HOWE,36
NSW,135,NENG,New England,IND,LARUFFA,150
NSW,135,NENG,New England,IND,SHARPHAM,7659
NSW,135,NENG,New England,ALP,ALP_NENG,21633
NSW,135,NENG,New England,NP,NP_NENG,55062
NSW,135,NENG,New England,GRN,GRN_NENG,8141
NSW,135,NENG,New England,ON,ON_NENG,5709
NSW,135,NENG,New England,LDP,LDP_NENG,3263
NSW,135,NENG,New England,AJP,AJP_NENG,181
NSW,135,NENG,New England,IMO,IMO_NENG,118
NSW,135,NENG,New England,UAPP,UAPP_NENG,3126
NSW,135,NENG,New England,IAP,IAP_NENG,53
NSW,136,NEWC,Newcastle,,Informal,6099
NSW,136,NEWC,Newcastle,IND,BONDS,34
NSW,136,NEWC,Newcastle,IND,LARUFFA,13
NSW,136,NEWC,Newcastle,ALP,ALP_NEWC,46839
NSW,136,NEWC,Newcastle,LP,LP_NEWC,25816
NSW,136,NEWC,Newcastle,NP,NP_NEWC,153
NSW,136,NEWC,Newcastle,GRN,GRN_NEWC,21273
NSW,136,NEWC,Newcastle,ON,ON_NEWC,4808
NSW,136,NEWC,Newcastle,AJP,AJP_NEWC,2570
NSW,136,NEWC,Newcastle,CYA,CYA_NEWC,1102
NSW,136,NEWC,Newcastle,IMO,IMO_NEWC,1149
NSW,136,NEWC,Newcastle,UAPP,UAPP_NEWC,2547
NSW,138,PAGE,Page,,Informal,7951
NSW,138,PAGE,Page,IND,HEISE,648
NSW,138,PAGE,Page,IND,LUKE,13734
NSW,138,PAGE,Page,ALP,ALP_PAGE,19819
NSW,138,PAGE,Page,NP,NP_PAGE,48486
NSW,138,PAGE,Page,GRN,GRN_PAGE,8994
NSW,138,PAGE,Page,ON,ON_PAGE,5755
NSW,138,PAGE,Page,LDP,LDP_PAGE,3978
NSW,138,PAGE,Page,CYA,CYA_PAGE,816
NSW,138,PAGE,Page,UAPP,UAPP_PAGE,2487
NSW,138,PAGE,Page,IAP,IAP_PAGE,1733
NSW,138,PAGE,Page,TNL,TNL_PAGE,243
NSW,139,PARK,Parkes,,Informal,8828
NSW,139,PARK,Parkes,IND,HOWE,2155
NSW,139,PARK,Parkes,IND,CIAVARELLA,352
NSW,139,PARK,Parkes,ALP,ALP_PARK,20612
NSW,139,PARK,Parkes,NP,NP_PARK,51697
NSW,139,PARK,Parkes,GRN,GRN_PARK,5002
NSW,139,PARK,Parkes,ASP,ASP_PARK,2214
NSW,139,PARK,Parkes,ON,ON_PARK,8145
NSW,139,PARK,Parkes,LDP,LDP_PARK,6718
NSW,139,PARK,Parkes,IMO,IMO_PARK,1491
NSW,139,PARK,Parkes,UAPP,UAPP_PARK,2752
NSW,139,PARK,Parkes,IAP,IAP_PARK,4413
NSW,140,PARR,Parramatta,,Informal,7781
NSW,140,PARR,Parramatta,IND,WOODWARD,20
NSW,140,PARR,Parramatta,IND,CHRISTOU,2145
NSW,140,PARR,Parramatta,IND,BOSI,140
NSW,140,PARR,Parramatta,IND,NANDA,65
NSW,140,PARR,Parramatta,IND,CASWELL,25
NSW,140,PARR,Parramatta,ALP,ALP_PARR,37183
NSW,140,PARR,Parramatta,LP,LP_PARR,34109
NSW,140,PARR,Parramatta,GRN,GRN_PARR,8849
NSW,140,PARR,Parramatta,ON,ON_PARR,2092
NSW,140,PARR,Parramatta,LDP,LDP_PARR,1586
NSW,140,PARR,Parramatta,AJP,AJP_PARR,1871
NSW,140,PARR,Parramatta,CYA,CYA_PARR,10
NSW,140,PARR,Parramatta,UAPP,UAPP_PARR,3901
NSW,140,PARR,Parramatta,DPDA,DPDA_PARR,209
NSW,140,PARR,Parramatta,SOPA,SOPA_PARR,423
NSW,249,PATE,Paterson,,Informal,5495
NSW,249,PATE,Paterson,IND,ATTKINS,0
NSW,249,PATE,Paterson,IND,PEARCE,0
NSW,249,PATE,Paterson,LP,LP_PATE,39393
NSW,249,PATE,Paterson,ALP,ALP_PATE,41993
NSW,249,PATE,Paterson,GRN,GRN_PATE,8037
NSW,249,PATE,Paterson,NP,NP_PATE,0
NSW,249,PATE,Paterson,LDP,LDP_PATE,1433
NSW,249,PATE,Paterson,ON,ON_PATE,8259
NSW,249,PATE,Paterson,UAPP,UAPP_PATE,4002
NSW,249,PATE,Paterson,IMO,IMO_PATE,1729
NSW,144,REID,Reid,,Informal,6800
NSW,144,REID,Reid,IND,BAINI,2994
NSW,144,REID,Reid,ALP,ALP_REID,40768
NSW,144,REID,Reid,LP,LP_REID,37126
NSW,144,REID,Reid,GRN,GRN_REID,9184
NSW,144,REID,Reid,CEC,CEC_REID,0
NSW,144,REID,Reid,ON,ON_REID,1997
NSW,144,REID,Reid,LDP,LDP_REID,1824
NSW,144,REID,Reid,UAPP,UAPP_REID,2530
NSW,144,REID,Reid,SOPA,SOPA_REID,1553
NSW,145,RICH,Richmond,,Informal,7424
NSW,145,RICH,Richmond,IND,JONES,1974
NSW,145,RICH,Richmond,IND,WARTH,2341
NSW,145,RICH,Richmond,IND,SHARPLES,1274
NSW,145,RICH,Richmond,ALP,ALP_RICH,28733
NSW,145,RICH,Richmond,NP,NP_RICH,23299
NSW,145,RICH,Richmond,GRN,GRN_RICH,25216
NSW,145,RICH,Richmond,ON,ON_RICH,4073
NSW,145,RICH,Richmond,LDP,LDP_RICH,7681
NSW,145,RICH,Richmond,IMO,IMO_RICH,2271
NSW,145,RICH,Richmond,UAPP,UAPP_RICH,2922
NSW,250,RIVE,Riverina,IND,CIAVARELLA,2349
NSW,250,RIVE,Riverina,,Informal,8193
NSW,250,RIVE,Riverina,IND,MENERIPITIYAGE DONA,107
NSW,250,RIVE,Riverina,IND,THALER,368
NSW,250,RIVE,Riverina,ALP,ALP_RIVE,26890
NSW,250,RIVE,Riverina,IND,ACKERY,1209
NSW,250,RIVE,Riverina,NP,NP_RIVE,37086
NSW,250,RIVE,Riverina,LP,LP_RIVE,10293
NSW,250,RIVE,Riverina,ASP,ASP_RIVE,4391
NSW,250,RIVE,Riverina,GRN,GRN_RIVE,7270
NSW,250,RIVE,Riverina,LDP,LDP_RIVE,6186
NSW,250,RIVE,Riverina,ON,ON_RIVE,7928
NSW,250,RIVE,Riverina,AUD,AUD_RIVE,152
NSW,250,RIVE,Riverina,SPP,SPP_RIVE,472
NSW,250,RIVE,Riverina,UAPP,UAPP_RIVE,2962
NSW,250,RIVE,Riverina,IMO,IMO_RIVE,186
NSW,146,ROBE,Robertson,,Informal,6287
NSW,146,ROBE,Robertson,ALP,ALP_ROBE,36309
NSW,146,ROBE,Robertson,LP,LP_ROBE,38556
NSW,146,ROBE,Robertson,GRN,GRN_ROBE,9662
NSW,146,ROBE,Robertson,CEC,CEC_ROBE,272
NSW,146,ROBE,Robertson,ON,ON_ROBE,3707
NSW,146,ROBE,Robertson,LDP,LDP_ROBE,743
NSW,146,ROBE,Robertson,AJP,AJP_ROBE,1949
NSW,146,ROBE,Robertson,CYA,CYA_ROBE,220
NSW,146,ROBE,Robertson,IMO,IMO_ROBE,1114
NSW,146,ROBE,Robertson,UAPP,UAPP_ROBE,2803
NSW,146,ROBE,Robertson,IAP,IAP_ROBE,1127
NSW,146,ROBE,Robertson,SOPA,SOPA_ROBE,8
NSW,148,SHOR,Shortland,,Informal,6750
NSW,148,SHOR,Shortland,IND,BONDS,140
NSW,148,SHOR,Shortland,IND,PAYNTER,2554
NSW,148,SHOR,Shortland,IND,LARUFFA,63
NSW,148,SHOR,Shortland,ALP,ALP_SHOR,41508
NSW,148,SHOR,Shortland,LP,LP_SHOR,32215
NSW,148,SHOR,Shortland,NP,NP_SHOR,638
NSW,148,SHOR,Shortland,GRN,GRN_SHOR,10241
NSW,148,SHOR,Shortland,ON,ON_SHOR,6635
NSW,148,SHOR,Shortland,LDP,LDP_SHOR,2984
NSW,148,SHOR,Shortland,AJP,AJP_SHOR,3086
NSW,148,SHOR,Shortland,IMO,IMO_SHOR,35
NSW,148,SHOR,Shortland,UAPP,UAPP_SHOR,3267
NSW,149,SYDN,Sydney,,Informal,3889
NSW,149,SYDN,Sydney,IND,KILHAM,430
NSW,149,SYDN,Sydney,ALP,ALP_SYDN,56069
NSW,149,SYDN,Sydney,LP,LP_SYDN,21270
NSW,149,SYDN,Sydney,GRN,GRN_SYDN,24959
NSW,149,SYDN,Sydney,CEC,CEC_SYDN,907
NSW,149,SYDN,Sydney,ON,ON_SYDN,1939
NSW,149,SYDN,Sydney,SAL,SAL_SYDN,1376
NSW,149,SYDN,Sydney,AJP,AJP_SYDN,240
NSW,149,SYDN,Sydney,UAPP,UAPP_SYDN,2424
NSW,149,SYDN,Sydney,SOPA,SOPA_SYDN,223
NSW,151,WARR,Warringah,,Informal,3984
NSW,151,WARR,Warringah,IND,STEGGALL,36496
NSW,151,WARR,Warringah,IND,TINK,8205
NSW,151,WARR,Warringah,ALP,ALP_WARR,13431
NSW,151,WARR,Warringah,LP,LP_WARR,38468
NSW,151,WARR,Warringah,GRN,GRN_WARR,8843
NSW,151,WARR,Warringah,ON,ON_WARR,1993
NSW,151,WARR,Warringah,LDP,LDP_WARR,369
NSW,151,WARR,Warringah,AJP,AJP_WARR,1242
NSW,151,WARR,Warringah,SPP,SPP_WARR,385
NSW,151,WARR,Warringah,IMO,IMO_WARR,160
NSW,151,WARR,Warringah,UAPP,UAPP_WARR,2336
NSW,151,WARR,Warringah,TNL,TNL_WARR,310
NSW,251,WATS,Watson,ALP,ALP_WATS,46199
NSW,251,WATS,Watson,,Informal,10151
NSW,251,WATS,Watson,GRN,GRN_WATS,6067
NSW,251,WATS,Watson,LP,LP_WATS,22552
NSW,251,WATS,Watson,UAPP,UAPP_WATS,6039
NSW,251,WATS,Watson,ON,ON_WATS,4516
NSW,152,WENT,Wentworth,,Informal,2926
NSW,152,WENT,Wentworth,IND,SPENDER,31810
NSW,152,WENT,Wentworth,ALP,ALP_WENT,19272
NSW,152,WENT,Wentworth,LP,LP_WENT,40805
NSW,152,WENT,Wentworth,GRN,GRN_WENT,11646
NSW,152,WENT,Wentworth,CEC,CEC_WENT,95
NSW,152,WENT,Wentworth,ON,ON_WENT,1313
NSW,152,WENT,Wentworth,SAL,SAL_WENT,142
NSW,152,WENT,Wentworth,LDP,LDP_WENT,1346
NSW,152,WENT,Wentworth,UAPP,UAPP_WENT,2290
NSW,153,WERR,Werriwa,,Informal,9585
NSW,153,WERR,Werriwa,ALP,ALP_WERR,33093
NSW,153,WERR,Werriwa,LP,LP_WERR,26133
NSW,153,WERR,Werriwa,GRN,GRN_WERR,5616
NSW,153,WERR,Werriwa,ON,ON_WERR,4214
NSW,153,WERR,Werriwa,LDP,LDP_WERR,7711
NSW,153,WERR,Werriwa,UAPP,UAPP_WERR,7809
NSW,150,WHIT,Whitlam,,Informal,5388
NSW,150,WHIT,Whitlam,IND,MENERIPITIYAGE DONA,126
NSW,150,WHIT,Whitlam,IND,ACKERY,1527
NSW,150,WHIT,Whitlam,ALP,ALP_WHIT,45747
NSW,150,WHIT,Whitlam,LP,LP_WHIT,32199
NSW,150,WHIT,Whitlam,GRN,GRN_WHIT,11270
NSW,150,WHIT,Whitlam,ASP,ASP_WHIT,267
NSW,150,WHIT,Whitlam,ON,ON_WHIT,7424
NSW,150,WHIT,Whitlam,LDP,LDP_WHIT,3785
NSW,150,WHIT,Whitlam,UAPP,UAPP_WHIT,5578
NT,306,LING,Lingiari,GRN,McFARLAND,5018
NT,306,LING,Lingiari,,Informal,3647
NT,306,LING,Lingiari,IND,GRAVENER,948
NT,306,LING,Lingiari,CLP,RYAN,15893
NT,306,LING,Lingiari,ALP,SCRYMGOUR,16747
NT,306,LING,Lingiari,UAPP,MCLEOD,1882
NT,306,LING,Lingiari,ON,GALLARD,2470
NT,306,LING,Lingiari,LDP,KASPAREK,1948
NT,306,LING,Lingiari,IND,ADAMSON AGARS,409
NT,306,LING,Lingiari,CEC,LEE,497
NT,307,SOLO,Solomon,GRN,GOODRICH CARTTLING,8164
NT,307,SOLO,Solomon,,Informal,2011
NT,307,SOLO,Solomon,UAPP,SELFE,2628
NT,307,SOLO,Solomon,CLP,MACFARLANE,13771
NT,307,SOLO,Solomon,LDP,BONANNI,5839
NT,307,SOLO,Solomon,ALP,GOSLING,21775
NT,307,SOLO,Solomon,ON,LOHSE,2948
QLD,304,BLAI,Blair,UAPP,CUNNINGHAM,6353
QLD,304,BLAI,Blair,,Informal,5832
QLD,304,BLAI,Blair,ALP,NEUMANN,36494
QLD,304,BLAI,Blair,AJP,LOWERY,2563
QLD,304,BLAI,Blair,GRN,MUTTON,13113
QLD,304,BLAI,Blair,LDP,JAQUES,3080
QLD,304,BLAI,Blair,LNP,BIGGINS,30122
QLD,304,BLAI,Blair,AUVA,PITMAN,2103
QLD,304,BLAI,Blair,ON,SUDUK,10419
QLD,310,BONN,Bonner,,Informal,2467
QLD,310,BONN,Bonner,ALP,YOUNG,28491
QLD,310,BONN,Bonner,UAPP,DIKLICH,3177
QLD,310,BONN,Bonner,LNP,VASTA,43191
QLD,310,BONN,Bonner,GRN,LAKEY,16144
QLD,310,BONN,Bonner,ON,NEIL,5371
QLD,155,BOWM,Bowman,,Informal,3045
QLD,155,BOWM,Bowman,UAPP,STEVENS,6601
QLD,155,BOWM,Bowman,TNL,JOHNSON,1243
QLD,155,BOWM,Bowman,ALP,DUFF,29694
QLD,155,BOWM,Bowman,GRN,MAZLIN,13241
QLD,155,BOWM,Bowman,LNP,PIKE,43088
QLD,155,BOWM,Bowman,ON,TODD,7825
QLD,156,BRIS,Brisbane,,Informal,2312
QLD,156,BRIS,Brisbane,UAPP,KNUDSON,2102
QLD,156,BRIS,Brisbane,AJP,KENNEDY,2135
QLD,156,BRIS,Brisbane,ALP,JARRETT,29652
QLD,156,BRIS,Brisbane,LDP,BULL,1807
QLD,156,BRIS,Brisbane,GRN,BATES,29641
QLD,156,BRIS,Brisbane,LNP,EVANS,41032
QLD,156,BRIS,Brisbane,ON,HOLD,2429
QLD,157,CAPR,Capricornia,,Informal,5904
QLD,157,CAPR,Capricornia,IND,MURRAY,3048
QLD,157,CAPR,Capricornia,UAPP,HARDING,3555
QLD,157,CAPR,Capricornia,IMO,GANFIELD,1126
QLD,157,CAPR,Capricornia,ALP,ROBERTSON,25330
QLD,157,CAPR,Capricornia,LDP,MURPHY,1392
QLD,157,CAPR,Capricornia,GRN,JONES,5302
QLD,157,CAPR,Capricornia,LNP,LANDRY,35613
QLD,157,CAPR,Capricornia,GAP,WHITTY,1747
QLD,157,CAPR,Capricornia,ON,STANTON,13179
QLD,158,DAWS,Dawson,,Informal,4001
QLD,158,DAWS,Dawson,UAPP,YOUNG,3713
QLD,158,DAWS,Dawson,GAP,JACKSON,1948
QLD,158,DAWS,Dawson,ALP,HAMILTON,22650
QLD,158,DAWS,Dawson,KAP,PATERSON,5189
QLD,158,DAWS,Dawson,GRN,CREEN,6675
QLD,158,DAWS,Dawson,LNP,WILLCOX,40109
QLD,158,DAWS,Dawson,ON,HALL,12289
QLD,252,DICK,Dickson,IND,PROHASKA,1618
QLD,252,DICK,Dickson,,Informal,3996
QLD,252,DICK,Dickson,IND,BUCHBACH,2222
QLD,252,DICK,Dickson,UAPP,WARD,2717
QLD,252,DICK,Dickson,LDP,RUSSELL,1236
QLD,252,DICK,Dickson,ALP,FRANCE,31396
QLD,252,DICK,Dickson,LNP,DUTTON,41657
QLD,252,DICK,Dickson,GRN,BATTEN,12871
QLD,252,DICK,Dickson,ON,GIBSON,5312
QLD,159,FADD,Fadden,,Informal,4760
QLD,159,FADD,Fadden,UAPP,O'BRIEN,7014
QLD,159,FADD,Fadden,ALP,DEL FABBRO,23638
QLD,159,FADD,Fadden,LDP,FORBES,2992
QLD,159,FADD,Fadden,GRN,SPAIN,11353
QLD,159,FADD,Fadden,LNP,ROBERT,47190
QLD,159,FADD,Fadden,IND,BROOKER,4407
QLD,159,FADD,Fadden,ON,ROACH,9177
QLD,160,FAIR,Fairfax,,Informal,6066
QLD,160,FAIR,Fairfax,IND,AUSTRALIE,733
QLD,160,FAIR,Fairfax,UAPP,KHOURY,6132
QLD,160,FAIR,Fairfax,IMO,HAZELTON,1997
QLD,160,FAIR,Fairfax,AJP,POOLE,2182
QLD,160,FAIR,Fairfax,ALP,FERGUSON,22662
QLD,160,FAIR,Fairfax,GRN,ETHERIDGE,13862
QLD,160,FAIR,Fairfax,LNP,O'BRIEN,46551
QLD,160,FAIR,Fairfax,GAP,WHITE,1319
QLD,160,FAIR,Fairfax,IND,SMITH,1423
QLD,160,FAIR,Fairfax,ON,CIVITARESE,6798
QLD,161,FISH,Fisher,,Informal,3530
QLD,161,FISH,Fisher,UAPP,MOORE,7355
QLD,161,FISH,Fisher,AJP,BRECKENRIDGE,2730
QLD,161,FISH,Fisher,ALP,ANDREWS,25313
QLD,161,FISH,Fisher,GRN,WELLS,14981
QLD,161,FISH,Fisher,LNP,WALLACE,48013
QLD,161,FISH,Fisher,ON,SCHRIEVER,10102
QLD,311,FLYN,Flynn,,Informal,3672
QLD,311,FLYN,Flynn,UAPP,WIEDEN,6266
QLD,311,FLYN,Flynn,IND,SCOTT,3745
QLD,311,FLYN,Flynn,GRN,BAMBRICK,4007
QLD,311,FLYN,Flynn,ALP,BURNETT,30948
QLD,311,FLYN,Flynn,LNP,BOYCE,34046
QLD,311,FLYN,Flynn,GAP,SVENDSEN,2012
QLD,311,FLYN,Flynn,ON,LOHSE,11287
QLD,162,FORD,Forde,LNP,VAN MANEN,34920
QLD,162,FORD,Forde,ON,MATTERSON,7578
QLD,162,FORD,Forde,,Informal,6884
QLD,162,FORD,Forde,UAPP,O'HALLORAN,7485
QLD,162,FORD,Forde,TNL,HOLLAND,728
QLD,162,FORD,Forde,AJP,McCARTHY,2444
QLD,162,FORD,Forde,ALP,HOLZBERGER,26497
QLD,162,FORD,Forde,LDP,SUTHERLAND,2668
QLD,162,FORD,Forde,GRN,HALL,9319
QLD,162,FORD,Forde,IND,GREAVES,2973
QLD,163,GRIF,Griffith,,Informal,2169
QLD,163,GRIF,Griffith,UAPP,McMULLAN,2581
QLD,163,GRIF,Griffith,ALP,BUTLER,30769
QLD,163,GRIF,Griffith,GRN,CHANDLER-MATHER,36771
QLD,163,GRIF,Griffith,LNP,ROBERTS,32685
QLD,163,GRIF,Griffith,ON,WARE,3504
QLD,164,GROO,Groom,,Informal,4758
QLD,164,GROO,Groom,UAPP,BANNISTER,4922
QLD,164,GROO,Groom,IND,HOLT,7932
QLD,164,GROO,Groom,ALP,ALLPASS,17985
QLD,164,GROO,Groom,GRN,BERRY,5616
QLD,164,GROO,Groom,LNP,HAMILTON,41971
QLD,164,GROO,Groom,IND,SMOLENSKI,6858
QLD,164,GROO,Groom,CYA,OTTO,1539
QLD,164,GROO,Groom,ON,ABRAHAM,9181
QLD,165,HERB,Herbert,,Informal,5658
QLD,165,HERB,Herbert,IND,CLARE,942
QLD,165,HERB,Herbert,UAPP,DOWLING,2383
QLD,165,HERB,Herbert,IMO,McMAHON,1658
QLD,165,HERB,Herbert,AJP,MCCORMACK,1359
QLD,165,HERB,Herbert,ALP,RING,19971
QLD,165,HERB,Herbert,KAP,HAWKS,6472
QLD,165,HERB,Herbert,GRN,HUMPHREYS,7596
QLD,165,HERB,Herbert,IND,EGAN,2983
QLD,165,HERB,Herbert,LNP,THOMPSON,43453
QLD,165,HERB,Herbert,GAP,BALLARD,749
QLD,165,HERB,Herbert,ON,PEPE,4874
QLD,166,HINK,Hinkler,,Informal,3431
QLD,166,HINK,Hinkler,UAPP,NASH,7417
QLD,166,HINK,Hinkler,IND,DEMPSEY,13236
QLD,166,HINK,Hinkler,ALP,SCANES,23634
QLD,166,HINK,Hinkler,GRN,McLEAN,5562
QLD,166,HINK,Hinkler,LNP,PITT,42720
QLD,166,HINK,Hinkler,ON,MENHENNETT,8837
QLD,167,KENN,Kennedy,,Informal,3171
QLD,167,KENN,Kennedy,UAPP,CAMPION,4154
QLD,167,KENN,Kennedy,IND,SACKLEY,2981
QLD,167,KENN,Kennedy,ALP,BRANDON,15033
QLD,167,KENN,Kennedy,KAP,KATTER,39036
QLD,167,KENN,Kennedy,GRN,COX,6013
QLD,167,KENN,Kennedy,LNP,MACDONALD,26387
QLD,168,LEIC,Leichhardt,,Informal,6715
QLD,168,LEIC,Leichhardt,UAPP,HANNAGAN,3593
QLD,168,LEIC,Leichhardt,SAL,O'SHANE,3729
QLD,168,LEIC,Leichhardt,IMO,MOGOROVICH,1641
QLD,168,LEIC,Leichhardt,AJP,BAYLY,1253
QLD,168,LEIC,Leichhardt,ALP,FAITH,25312
QLD,168,LEIC,Leichhardt,KAP,JENSEN,5166
QLD,168,LEIC,Leichhardt,GRN,MUSUMECI,9143
QLD,168,LEIC,Leichhardt,SOPA,CROPP,930
QLD,168,LEIC,Leichhardt,LNP,ENTSCH,33652
QLD,168,LEIC,Leichhardt,CYA,ROE,466
QLD,168,LEIC,Leichhardt,ON,COURT,6822
QLD,169,LILL,Lilley,,Informal,2750
QLD,169,LILL,Lilley,UAPP,HOOGLAND,3320
QLD,169,LILL,Lilley,IMO,McGRATH,1378
QLD,169,LILL,Lilley,ALP,WELLS,41424
QLD,169,LILL,Lilley,LDP,FRESHWATER,2412
QLD,169,LILL,Lilley,GRN,STEVENS,16916
QLD,169,LILL,Lilley,LNP,LOBO,29530
QLD,169,LILL,Lilley,ON,WILDE,4027
QLD,302,LONG,Longman,,Informal,5677
QLD,302,LONG,Longman,AJP,GILBARD,2060
QLD,302,LONG,Longman,UAPP,SUTHERLAND,5949
QLD,302,LONG,Longman,LDP,LIPPONER,2011
QLD,302,LONG,Longman,ALP,FANNING,34036
QLD,302,LONG,Longman,LNP,YOUNG,41253
QLD,302,LONG,Longman,GRN,SNIJDERS,7814
QLD,302,LONG,Longman,ON,TAYLOR,8917
QLD,302,LONG,Longman,HMP,QUINLAN,6025
QLD,170,MARA,Maranoa,,Informal,3234
QLD,170,MARA,Maranoa,UAPP,McDONALD,6202
QLD,170,MARA,Maranoa,ALP,KERRIGAN,14236
QLD,170,MARA,Maranoa,GRN,PARKER,4533
QLD,170,MARA,Maranoa,LNP,LITTLEPROUD,52382
QLD,170,MARA,Maranoa,CYA,TUNBRIDGE,997
QLD,170,MARA,Maranoa,ASP,RICHARDSON,3695
QLD,170,MARA,Maranoa,ON,KELLY,11070
QLD,171,MCPH,McPherson,,Informal,5565
QLD,171,MCPH,McPherson,UAPP,BERRIGAN,6490
QLD,171,MCPH,McPherson,ALP,UNGERER,21354
QLD,171,MCPH,McPherson,LDP,PYNE,2063
QLD,171,MCPH,McPherson,GRN,TURNER,14971
QLD,171,MCPH,McPherson,AUVA,CULLEN,2310
QLD,171,MCPH,McPherson,LNP,ANDREWS,42288
QLD,171,MCPH,McPherson,CYA,PEAD,594
QLD,171,MCPH,McPherson,ON,HARGRAVES,7013
QLD,172,MONC,Moncrieff,,Informal,6020
QLD,172,MONC,Moncrieff,UAPP,HAPP,5482
QLD,172,MONC,Moncrieff,IMO,CUDMORE,997
QLD,172,MONC,Moncrieff,AJP,BERRY-LAW,2384
QLD,172,MONC,Moncrieff,ALP,PALMER,20430
QLD,172,MONC,Moncrieff,LDP,DEMETRE,4305
QLD,172,MONC,Moncrieff,GRN,BROADBENT,11850
QLD,172,MONC,Moncrieff,LNP,BELL,45104
QLD,172,MONC,Moncrieff,CYA,TAYLER,645
QLD,172,MONC,Moncrieff,ON,SCHULTZ,6981
QLD,173,MORE,Moreton,,Informal,2625
QLD,173,MORE,Moreton,UAPP,FOLLETT,3064
QLD,173,MORE,Moreton,ALP,PERRETT,34633
QLD,173,MORE,Moreton,GRN,GARTON,19250
QLD,173,MORE,Moreton,LNP,HUANG,30777
QLD,173,MORE,Moreton,CYA,POWER,1468
QLD,173,MORE,Moreton,ON,SWANN,3364
QLD,174,OXLE,Oxley,,Informal,3582
QLD,174,OXLE,Oxley,UAPP,COOMBES,5079
QLD,174,OXLE,Oxley,ALP,DICK,43785
QLD,174,OXLE,Oxley,GRN,WORSTELING,13595
QLD,174,OXLE,Oxley,LNP,MCMILLEN,27385
QLD,174,OXLE,Oxley,ON,KOZLOWSKI,5568
QLD,175,PETR,Petrie,,Informal,3913
QLD,175,PETR,Petrie,UAPP,GUENOUN,5914
QLD,175,PETR,Petrie,AJP,CICCHITTI,2331
QLD,175,PETR,Petrie,ALP,DENTON,31972
QLD,175,PETR,Petrie,LDP,WILSON,2189
QLD,175,PETR,Petrie,GRN,SIMON,12169
QLD,175,PETR,Petrie,LNP,HOWARTH,46325
QLD,175,PETR,Petrie,ON,MITCHELL,5613
QLD,176,RANK,Rankin,,Informal,3553
QLD,176,RANK,Rankin,UAPP,CRANK,5064
QLD,176,RANK,Rankin,AJP,CLARKE,2284
QLD,176,RANK,Rankin,ALP,CHALMERS,38596
QLD,176,RANK,Rankin,GRN,COTTER,9394
QLD,176,RANK,Rankin,LNP,DARWEN,25478
QLD,176,RANK,Rankin,ON,COOKSON,7006
QLD,177,RYAN,Ryan,,Informal,3140
QLD,177,RYAN,Ryan,UAPP,POLLARD,2062
QLD,177,RYAN,Ryan,AJP,LIPMAN,1088
QLD,177,RYAN,Ryan,ALP,COSSAR,22146
QLD,177,RYAN,Ryan,LDP,COORY,2582
QLD,177,RYAN,Ryan,GRN,WATSON-BROWN,30003
QLD,177,RYAN,Ryan,LNP,SIMMONDS,38239
QLD,177,RYAN,Ryan,AUP,REES,606
QLD,177,RYAN,Ryan,CYA,DANCOISNE,353
QLD,177,RYAN,Ryan,ON,LOVE,2237
QLD,178,WBAY,Wide Bay,,Informal,6569
QLD,178,WBAY,Wide Bay,IND,JEROME,2737
QLD,178,WBAY,Wide Bay,UAPP,BENNETT,4406
QLD,178,WBAY,Wide Bay,IMO,NEWLAND,2097
QLD,178,WBAY,Wide Bay,ALP,WILLIAMS,20345
QLD,178,WBAY,Wide Bay,GRN,ARMSTRONG,9088
QLD,178,WBAY,Wide Bay,AUVA,WILLIAMS,1057
QLD,178,WBAY,Wide Bay,LNP,O'BRIEN,41601
QLD,178,WBAY,Wide Bay,CYA,WOODWARD,501
QLD,178,WBAY,Wide Bay,IND,JACOBI,4106
QLD,178,WBAY,Wide Bay,ON,BUCKLEY,9765
QLD,316,WRIG,Wright,UAPP,DUFFILL,8703
QLD,316,WRIG,Wright,,Informal,3733
QLD,316,WRIG,Wright,GRN,THOMPSON,12107
QLD,316,WRIG,Wright,ALP,McCREADIE,22643
QLD,316,WRIG,Wright,CYA,BANASIAK,1632
QLD,316,WRIG,Wright,LNP,BUCHHOLZ,45753
QLD,316,WRIG,Wright,ON,HICKS,15095
SA,179,ADEL,Adelaide,,Informal,4438
SA,179,ADEL,Adelaide,SOPA,McMILLAN,1631
SA,179,ADEL,Adelaide,UAPP,ALLWOOD,3055
SA,179,ADEL,Adelaide,GRN,GALDIES,22666
SA,179,ADEL,Adelaide,ON,ALLWOOD,3376
SA,179,ADEL,Adelaide,ALP,GEORGANAS,45086
SA,179,ADEL,Adelaide,LP,GRANTHAM,36080
SA,179,ADEL,Adelaide,CYA,GERHARD,870
SA,180,BARK,Barker,,Informal,7909
SA,180,BARK,Barker,UAPP,SWIGGS,4222
SA,180,BARK,Barker,GRN,HILLAM,7841
SA,180,BARK,Barker,ON,QUAREMBA,6958
SA,180,BARK,Barker,ALP,BRAES,22054
SA,180,BARK,Barker,LP,PASIN,56330
SA,180,BARK,Barker,NP,PIETZSCH,2531
SA,180,BARK,Barker,CYA,HANTON,760
SA,180,BARK,Barker,IND,PANNELL,1913
SA,180,BARK,Barker,IND,FRY,3190
SA,182,BOOT,Boothby,,Informal,5289
SA,182,BOOT,Boothby,UAPP,CLARK,2520
SA,182,BOOT,Boothby,GRN,CARTER,17285
SA,182,BOOT,Boothby,AJP,BRAY,1358
SA,182,BOOT,Boothby,ON,COUCH,2320
SA,182,BOOT,Boothby,LDP,NIKOLIC,1250
SA,182,BOOT,Boothby,ALP,MILLER-FROST,36746
SA,182,BOOT,Boothby,LP,SWIFT,43196
SA,182,BOOT,Boothby,IND,DYER,7441
SA,182,BOOT,Boothby,CYA,HARRIS,543
SA,182,BOOT,Boothby,IND,BUSUTTIL,1048
SA,183,GREY,Grey,,Informal,7674
SA,183,GREY,Grey,IND,CARMODY,1332
SA,183,GREY,Grey,UAPP,WATERS,5781
SA,183,GREY,Grey,GRN,WHITE,6994
SA,183,GREY,Grey,ON,WHITE,6452
SA,183,GREY,Grey,LDP,MILLER,1427
SA,183,GREY,Grey,ALP,WATSON,22068
SA,183,GREY,Grey,LP,RAMSEY,46730
SA,183,GREY,Grey,CYA,DEMPSEY,721
SA,183,GREY,Grey,IND,HABERMANN,11613
SA,185,HIND,Hindmarsh,,Informal,6686
SA,185,HIND,Hindmarsh,UAPP,MELISSOURGOS,3896
SA,185,HIND,Hindmarsh,GRN,O'SULLIVAN,15310
SA,185,HIND,Hindmarsh,AJP,PASTRO,2340
SA,185,HIND,Hindmarsh,ON,JOHNSON,4341
SA,185,HIND,Hindmarsh,ALP,BUTLER,46547
SA,185,HIND,Hindmarsh,LP,FINIZIO,36072
SA,185,HIND,Hindmarsh,GAP,WITT,1184
SA,185,HIND,Hindmarsh,CYA,RICHARDS,653
SA,186,KING,Kingston,,Informal,4336
SA,186,KING,Kingston,UAPP,JACKSON,4321
SA,186,KING,Kingston,GRN,PHOTAKIS,13603
SA,186,KING,Kingston,ON,GODFREY-BROWN,5313
SA,186,KING,Kingston,ALP,RISHWORTH,53810
SA,186,KING,Kingston,LP,BOURNE,28273
SA,186,KING,Kingston,CYA,ENRIGHT,1079
SA,186,KING,Kingston,IND,DE JONGE,2963
SA,187,MAKI,Makin,,Informal,4639
SA,187,MAKI,Makin,UAPP,DROZDOFF,4638
SA,187,MAKI,Makin,GRN,MUSTACA,12317
SA,187,MAKI,Makin,ON,VAID,5097
SA,187,MAKI,Makin,ALP,ZAPPIA,49843
SA,187,MAKI,Makin,LP,HOWARD-JONES,33840
SA,187,MAKI,Makin,CYA,LAZOOTIN,1907
SA,188,MAYO,Mayo,,Informal,6176
SA,188,MAYO,Mayo,UAPP,McGRAIL,4089
SA,188,MAYO,Mayo,GRN,ELLIOTT,13705
SA,188,MAYO,Mayo,AJP,CHAPLIN,1929
SA,188,MAYO,Mayo,ON,SCOTT,4775
SA,188,MAYO,Mayo,LDP,VAN RAALTE,1424
SA,188,MAYO,Mayo,ALP,BELL,21051
SA,188,MAYO,Mayo,LP,BLUCK,31411
SA,188,MAYO,Mayo,CYA,NEUGEBAUER,1330
SA,188,MAYO,Mayo,XEN,SHARKIE,36500
SA,325,SPEN,Spence,,Informal,5534
SA,325,SPEN,Spence,GRN,DEEX,12052
SA,325,SPEN,Spence,UAPP,WARREN,7158
SA,325,SPEN,Spence,ALP,BURNELL,46596
SA,325,SPEN,Spence,ON,CHAMPION,11532
SA,325,SPEN,Spence,CYA,BAWDEN,1736
SA,325,SPEN,Spence,LP,LOCK,27153
SA,190,STUR,Sturt,,Informal,6541
SA,190,STUR,Sturt,UAPP,GRANT,3008
SA,190,STUR,Sturt,GRN,McCUSKER,18454
SA,190,STUR,Sturt,AJP,SHERLOCK,1531
SA,190,STUR,Sturt,ON,ALLWOOD,2893
SA,190,STUR,Sturt,LDP,McMAHON,1147
SA,190,STUR,Sturt,ALP,BARAM,34528
SA,190,STUR,Sturt,LP,STEVENS,48579
SA,190,STUR,Sturt,AUP,FULCO,457
SA,190,STUR,Sturt,TNL,SCHMIDT,251
SA,190,STUR,Sturt,CYA,SCARBOROUGH,755
SA,190,STUR,Sturt,DPDA,ELHAM,1007
TAS,192,BASS,Bass,,Informal,4324
TAS,192,BASS,Bass,IND,RAZAY,3450
TAS,192,BASS,Bass,UAPP,SQUIBB,1140
TAS,192,BASS,Bass,AJP,BAKER,969
TAS,192,BASS,Bass,LDP,HUMBLE,732
TAS,192,BASS,Bass,LP,ARCHER,27257
TAS,192,BASS,Bass,ALP,HART,19630
TAS,192,BASS,Bass,GRN,ROSOL,7614
TAS,192,BASS,Bass,JLN,SALT,4587
TAS,192,BASS,Bass,ON,DAVY,3230
TAS,193,BRAD,Braddon,,Informal,5858
TAS,193,BRAD,Braddon,UAPP,BOBBERMIEN,1000
TAS,193,BRAD,Braddon,AJP,MARTIN,566
TAS,193,BRAD,Braddon,LDP,WHITE,971
TAS,193,BRAD,Braddon,TLOC,RANKIN,719
TAS,193,BRAD,Braddon,LP,PEARCE,31142
TAS,193,BRAD,Braddon,ALP,LYNCH,15886
TAS,193,BRAD,Braddon,GRN,BRIGGS,4745
TAS,193,BRAD,Braddon,JLN,LEHMANN,6966
TAS,193,BRAD,Braddon,ON,MINEUR,3065
TAS,193,BRAD,Braddon,IND,GARLAND,5538
TAS,319,CLAR,Clark,,Informal,2924
TAS,319,CLAR,Clark,IND,WILKIE,30005
TAS,319,CLAR,Clark,UAPP,GALLOWAY,941
TAS,319,CLAR,Clark,AJP,DAVIES,828
TAS,319,CLAR,Clark,LDP,RAMSDEN,739
TAS,319,CLAR,Clark,LP,COATS,10441
TAS,319,CLAR,Clark,ALP,DAVIS,12364
TAS,319,CLAR,Clark,GRN,SHELLEY,8861
TAS,319,CLAR,Clark,ON,CAMERON,1715
TAS,195,FRAN,Franklin,,Informal,3696
TAS,195,FRAN,Franklin,UAPP,MATTHEWS,1380
TAS,195,FRAN,Franklin,AJP,LOVE,1097
TAS,195,FRAN,Franklin,LDP,PITT,1434
TAS,195,FRAN,Franklin,TLOC,BATEMAN,3535
TAS,195,FRAN,Franklin,LP,JOHNSON,19048
TAS,195,FRAN,Franklin,ALP,COLLINS,26147
TAS,195,FRAN,Franklin,GRN,DARKO,12370
TAS,195,FRAN,Franklin,JLN,HANNAN,4215
TAS,195,FRAN,Franklin,ON,HINDLEY,2033
TAS,196,LYON,Lyons,,Informal,4932
TAS,196,LYON,Lyons,UAPP,EVANS,1976
TAS,196,LYON,Lyons,AJP,GRALTON,1312
TAS,196,LYON,Lyons,LDP,GRIFFITHS,1188
TAS,196,LYON,Lyons,LP,BOWER,27296
TAS,196,LYON,Lyons,ALP,MITCHELL,21295
TAS,196,LYON,Lyons,GRN,JOHNSTONE,8382
TAS,196,LYON,Lyons,JLN,PFITZNER,7962
TAS,196,LYON,Lyons,ON,GOYNE,3927
VIC,197,ASTO,Aston,,Informal,3799
VIC,197,ASTO,Aston,IND,LIU,126
VIC,197,ASTO,Aston,ALP,ALP_ASTO,34916
VIC,197,ASTO,Aston,LP,LP_ASTO,45990
VIC,197,ASTO,Aston,GRN,GRN_ASTO,13118
VIC,197,ASTO,Aston,ON,ON_ASTO,3283
VIC,197,ASTO,Aston,LDP,LDP_ASTO,2312
VIC,197,ASTO,Aston,AJP,AJP_ASTO,170
VIC,197,ASTO,Aston,CYA,CYA_ASTO,83
VIC,197,ASTO,Aston,DHJP,DHJP_ASTO,128
VIC,197,ASTO,Aston,UAPP,UAPP_ASTO,6296
VIC,197,ASTO,Aston,TNL,TNL_ASTO,973
VIC,198,BALL,Ballarat,,Informal,5097
VIC,198,BALL,Ballarat,IND,GRAHAM,2037
VIC,198,BALL,Ballarat,ALP,ALP_BALL,43080
VIC,198,BALL,Ballarat,LP,LP_BALL,26078
VIC,198,BALL,Ballarat,GRN,GRN_BALL,14042
VIC,198,BALL,Ballarat,ON,ON_BALL,3466
VIC,198,BALL,Ballarat,LDP,LDP_BALL,3209
VIC,198,BALL,Ballarat,CYA,CYA_BALL,679
VIC,198,BALL,Ballarat,UAPP,UAPP_BALL,3683
VIC,200,BEND,Bendigo,,Informal,4045
VIC,200,BEND,Bendigo,IND,PRIESTLY,549
VIC,200,BEND,Bendigo,IND,LAURIE,4319
VIC,200,BEND,Bendigo,ALP,ALP_BEND,43303
VIC,200,BEND,Bendigo,LP,LP_BEND,27129
VIC,200,BEND,Bendigo,NP,NP_BEND,924
VIC,200,BEND,Bendigo,GRN,GRN_BEND,14138
VIC,200,BEND,Bendigo,CEC,CEC_BEND,10
VIC,200,BEND,Bendigo,ON,ON_BEND,5704
VIC,200,BEND,Bendigo,LDP,LDP_BEND,3016
VIC,200,BEND,Bendigo,CYA,CYA_BEND,10
VIC,200,BEND,Bendigo,UAPP,UAPP_BEND,3716
VIC,200,BEND,Bendigo,SOPA,SOPA_BEND,23
VIC,201,BRUC,Bruce,,Informal,4818
VIC,201,BRUC,Bruce,IND,RAGUPATHY,157
VIC,201,BRUC,Bruce,ALP,ALP_BRUC,42251
VIC,201,BRUC,Bruce,LP,LP_BRUC,33246
VIC,201,BRUC,Bruce,GRN,GRN_BRUC,10186
VIC,201,BRUC,Bruce,ON,ON_BRUC,4919
VIC,201,BRUC,Bruce,LDP,LDP_BRUC,4968
VIC,201,BRUC,Bruce,AJP,AJP_BRUC,164
VIC,201,BRUC,Bruce,CYA,CYA_BRUC,94
VIC,201,BRUC,Bruce,UAPP,UAPP_BRUC,8955
VIC,203,CALW,Calwell,,Informal,5434
VIC,203,CALW,Calwell,ALP,ALP_CALW,36315
VIC,203,CALW,Calwell,LP,LP_CALW,19193
VIC,203,CALW,Calwell,GRN,GRN_CALW,7892
VIC,203,CALW,Calwell,ON,ON_CALW,5670
VIC,203,CALW,Calwell,CYA,CYA_CALW,1440
VIC,203,CALW,Calwell,UAPP,UAPP_CALW,7167
VIC,203,CALW,Calwell,VNS,VNS_CALW,3284
VIC,204,CASE,Casey,,Informal,6761
VIC,204,CASE,Casey,IND,FERRES MILES,8307
VIC,204,CASE,Casey,IND,COLE,3455
VIC,204,CASE,Casey,ALP,ALP_CASE,25862
VIC,204,CASE,Casey,LP,LP_CASE,37760
VIC,204,CASE,Casey,GRN,GRN_CASE,13551
VIC,204,CASE,Casey,ON,ON_CASE,3377
VIC,204,CASE,Casey,LDP,LDP_CASE,2139
VIC,204,CASE,Casey,AJP,AJP_CASE,1844
VIC,204,CASE,Casey,CYA,CYA_CASE,738
VIC,204,CASE,Casey,DHJP,DHJP_CASE,1207
VIC,204,CASE,Casey,UAPP,UAPP_CASE,4990
VIC,205,CHIS,Chisholm,,Informal,4446
VIC,205,CHIS,Chisholm,IND,RYAN,2532
VIC,205,CHIS,Chisholm,IND,MURPHY,1141
VIC,205,CHIS,Chisholm,IND,ANDERSON,17
VIC,205,CHIS,Chisholm,IND,TSENG,545
VIC,205,CHIS,Chisholm,ALP,ALP_CHIS,37202
VIC,205,CHIS,Chisholm,LP,LP_CHIS,41953
VIC,205,CHIS,Chisholm,GRN,GRN_CHIS,15044
VIC,205,CHIS,Chisholm,CEC,CEC_CHIS,267
VIC,205,CHIS,Chisholm,ON,ON_CHIS,1025
VIC,205,CHIS,Chisholm,LDP,LDP_CHIS,2088
VIC,205,CHIS,Chisholm,AJP,AJP_CHIS,1200
VIC,205,CHIS,Chisholm,CYA,CYA_CHIS,561
VIC,205,CHIS,Chisholm,DHJP,DHJP_CHIS,675
VIC,205,CHIS,Chisholm,REAS,REAS_CHIS,460
VIC,205,CHIS,Chisholm,UAPP,UAPP_CHIS,2313
VIC,205,CHIS,Chisholm,AUVA,AUVA_CHIS,12
VIC,320,COOP,Cooper,,Informal,4288
VIC,320,COOP,Cooper,IND,ROBSON,39
VIC,320,COOP,Cooper,ALP,ALP_COOP,39888
VIC,320,COOP,Cooper,LP,LP_COOP,15896
VIC,320,COOP,Cooper,GRN,GRN_COOP,27846
VIC,320,COOP,Cooper,ON,ON_COOP,2843
VIC,320,COOP,Cooper,LDP,LDP_COOP,61
VIC,320,COOP,Cooper,AJP,AJP_COOP,2253
VIC,320,COOP,Cooper,UAPP,UAPP_COOP,4238
VIC,320,COOP,Cooper,VNS,VNS_COOP,3379
VIC,320,COOP,Cooper,SOPA,SOPA_COOP,1585
VIC,328,CORA,Corangamite,,Informal,3727
VIC,328,CORA,Corangamite,ALP,ALP_CORA,35625
VIC,328,CORA,Corangamite,LP,LP_CORA,31565
VIC,328,CORA,Corangamite,GRN,GRN_CORA,14219
VIC,328,CORA,Corangamite,ON,ON_CORA,2261
VIC,328,CORA,Corangamite,LDP,LDP_CORA,2277
VIC,328,CORA,Corangamite,AJP,AJP_CORA,1841
VIC,328,CORA,Corangamite,CYA,CYA_CORA,785
VIC,328,CORA,Corangamite,DHJP,DHJP_CORA,1278
VIC,328,CORA,Corangamite,UAPP,UAPP_CORA,2924
VIC,208,CORI,Corio,,Informal,5616
VIC,208,CORI,Corio,IND,MOINUDDIN,13
VIC,208,CORI,Corio,IND,GRAHAM,7
VIC,208,CORI,Corio,ALP,ALP_CORI,42931
VIC,208,CORI,Corio,LP,LP_CORI,25638
VIC,208,CORI,Corio,GRN,GRN_CORI,15148
VIC,208,CORI,Corio,ON,ON_CORI,4018
VIC,208,CORI,Corio,SAL,SAL_CORI,2444
VIC,208,CORI,Corio,LDP,LDP_CORI,3577
VIC,208,CORI,Corio,AJP,AJP_CORI,2437
VIC,208,CORI,Corio,CYA,CYA_CORI,1139
VIC,208,CORI,Corio,DHJP,DHJP_CORI,84
VIC,208,CORI,Corio,UAPP,UAPP_CORI,5022
VIC,208,CORI,Corio,VNS,VNS_CORI,5
VIC,209,DEAK,Deakin,,Informal,4577
VIC,209,DEAK,Deakin,IND,MURPHY,20
VIC,209,DEAK,Deakin,IND,LIU,1145
VIC,209,DEAK,Deakin,IND,TSENG,10
VIC,209,DEAK,Deakin,ALP,ALP_DEAK,36317
VIC,209,DEAK,Deakin,LP,LP_DEAK,45797
VIC,209,DEAK,Deakin,GRN,GRN_DEAK,15674
VIC,209,DEAK,Deakin,CEC,CEC_DEAK,7
VIC,209,DEAK,Deakin,ON,ON_DEAK,2473
VIC,209,DEAK,Deakin,LDP,LDP_DEAK,2290
VIC,209,DEAK,Deakin,AJP,AJP_DEAK,1498
VIC,209,DEAK,Deakin,CYA,CYA_DEAK,1008
VIC,209,DEAK,Deakin,DHJP,DHJP_DEAK,964
VIC,209,DEAK,Deakin,UAPP,UAPP_DEAK,3160
VIC,210,DUNK,Dunkley,,Informal,5012
VIC,210,DUNK,Dunkley,IND,BERGWERF,3445
VIC,210,DUNK,Dunkley,ALP,ALP_DUNK,41600
VIC,210,DUNK,Dunkley,LP,LP_DUNK,32652
VIC,210,DUNK,Dunkley,GRN,GRN_DUNK,10918
VIC,210,DUNK,Dunkley,ON,ON_DUNK,3079
VIC,210,DUNK,Dunkley,LDP,LDP_DUNK,2968
VIC,210,DUNK,Dunkley,AJP,AJP_DUNK,2268
VIC,210,DUNK,Dunkley,CYA,CYA_DUNK,529
VIC,210,DUNK,Dunkley,UAPP,UAPP_DUNK,5384
VIC,211,FLIN,Flinders,,Informal,6041
VIC,211,FLIN,Flinders,IND,O'CONNOR,7163
VIC,211,FLIN,Flinders,IND,BERGWERF,253
VIC,211,FLIN,Flinders,IND,RUSSELL,5189
VIC,211,FLIN,Flinders,ALP,ALP_FLIN,24598
VIC,211,FLIN,Flinders,LP,LP_FLIN,46608
VIC,211,FLIN,Flinders,GRN,GRN_FLIN,10239
VIC,211,FLIN,Flinders,ON,ON_FLIN,3545
VIC,211,FLIN,Flinders,LDP,LDP_FLIN,2562
VIC,211,FLIN,Flinders,AJP,AJP_FLIN,2209
VIC,211,FLIN,Flinders,CYA,CYA_FLIN,523
VIC,211,FLIN,Flinders,UAPP,UAPP_FLIN,4767
VIC,321,FRAS,Fraser,,Informal,4644
VIC,321,FRAS,Fraser,ALP,ALP_FRAS,41946
VIC,321,FRAS,Fraser,LP,LP_FRAS,24418
VIC,321,FRAS,Fraser,GRN,GRN_FRAS,18788
VIC,321,FRAS,Fraser,ON,ON_FRAS,2889
VIC,321,FRAS,Fraser,LDP,LDP_FRAS,2524
VIC,321,FRAS,Fraser,CYA,CYA_FRAS,69
VIC,321,FRAS,Fraser,UAPP,UAPP_FRAS,4395
VIC,321,FRAS,Fraser,VNS,VNS_FRAS,4612
VIC,212,GELL,Gellibrand,,Informal,4797
VIC,212,GELL,Gellibrand,IND,MOINUDDIN,267
VIC,212,GELL,Gellibrand,ALP,ALP_GELL,39309
VIC,212,GELL,Gellibrand,LP,LP_GELL,24985
VIC,212,GELL,Gellibrand,GRN,GRN_GELL,14301
VIC,212,GELL,Gellibrand,ON,ON_GELL,2856
VIC,212,GELL,Gellibrand,LDP,LDP_GELL,2275
VIC,212,GELL,Gellibrand,CYA,CYA_GELL,1143
VIC,212,GELL,Gellibrand,UAPP,UAPP_GELL,5235
VIC,212,GELL,Gellibrand,VNS,VNS_GELL,1441
VIC,213,GIPP,Gippsland,,Informal,3073
VIC,213,GIPP,Gippsland,UAPP,FORSTER,4593
VIC,213,GIPP,Gippsland,NP,CHESTER,54635
VIC,213,GIPP,Gippsland,ALP,LANGLEY,19404
VIC,213,GIPP,Gippsland,GVIC,THORPE,8545
VIC,213,GIPP,Gippsland,LDP,McDONALD,4286
VIC,213,GIPP,Gippsland,ON,HANSFORD,9443
VIC,214,GOLD,Goldstein,,Informal,3837
VIC,214,GOLD,Goldstein,IND,DANIEL,33815
VIC,214,GOLD,Goldstein,ALP,ALP_GOLD,14698
VIC,214,GOLD,Goldstein,LP,LP_GOLD,42759
VIC,214,GOLD,Goldstein,GRN,GRN_GOLD,9094
VIC,214,GOLD,Goldstein,ON,ON_GOLD,1566
VIC,214,GOLD,Goldstein,LDP,LDP_GOLD,2606
VIC,214,GOLD,Goldstein,AJP,AJP_GOLD,175
VIC,214,GOLD,Goldstein,SPP,SPP_GOLD,443
VIC,214,GOLD,Goldstein,DHJP,DHJP_GOLD,589
VIC,214,GOLD,Goldstein,UAPP,UAPP_GOLD,2317
VIC,309,GORT,Gorton,,Informal,7083
VIC,309,GORT,Gorton,IND,LONCAR,2338
VIC,309,GORT,Gorton,ALP,ALP_GORT,38145
VIC,309,GORT,Gorton,LP,LP_GORT,25318
VIC,309,GORT,Gorton,GRN,GRN_GORT,8317
VIC,309,GORT,Gorton,ON,ON_GORT,6712
VIC,309,GORT,Gorton,CYA,CYA_GORT,1062
VIC,309,GORT,Gorton,GAP,GAP_GORT,1311
VIC,309,GORT,Gorton,UAPP,UAPP_GORT,7075
VIC,309,GORT,Gorton,VNS,VNS_GORT,2063
VIC,326,HAWK,Hawke,,Informal,7745
VIC,326,HAWK,Hawke,IND,MOINUDDIN,0
VIC,326,HAWK,Hawke,IND,LONCAR,3
VIC,326,HAWK,Hawke,IND,BINGHAM,6908
VIC,326,HAWK,Hawke,ALP,ALP_HAWK,32081
VIC,326,HAWK,Hawke,LP,LP_HAWK,23011
VIC,326,HAWK,Hawke,GRN,GRN_HAWK,7803
VIC,326,HAWK,Hawke,CEC,CEC_HAWK,434
VIC,326,HAWK,Hawke,ON,ON_HAWK,4881
VIC,326,HAWK,Hawke,LDP,LDP_HAWK,3
VIC,326,HAWK,Hawke,CYA,CYA_HAWK,1927
VIC,326,HAWK,Hawke,GAP,GAP_HAWK,1830
VIC,326,HAWK,Hawke,UAPP,UAPP_HAWK,6141
VIC,326,HAWK,Hawke,VNS,VNS_HAWK,891
VIC,326,HAWK,Hawke,TNL,TNL_HAWK,1432
VIC,216,HOLT,Holt,,Informal,5865
VIC,216,HOLT,Holt,IND,RAGUPATHY,2516
VIC,216,HOLT,Holt,ALP,ALP_HOLT,34080
VIC,216,HOLT,Holt,LP,LP_HOLT,24665
VIC,216,HOLT,Holt,GRN,GRN_HOLT,7143
VIC,216,HOLT,Holt,ON,ON_HOLT,4063
VIC,216,HOLT,Holt,LDP,LDP_HOLT,2287
VIC,216,HOLT,Holt,CYA,CYA_HOLT,694
VIC,216,HOLT,Holt,UAPP,UAPP_HOLT,8058
VIC,217,HOTH,Hotham,,Informal,3718
VIC,217,HOTH,Hotham,IND,MURPHY,177
VIC,217,HOTH,Hotham,IND,TSENG,76
VIC,217,HOTH,Hotham,ALP,ALP_HOTH,43573
VIC,217,HOTH,Hotham,LP,LP_HOTH,28872
VIC,217,HOTH,Hotham,GRN,GRN_HOTH,14807
VIC,217,HOTH,Hotham,CEC,CEC_HOTH,35
VIC,217,HOTH,Hotham,ON,ON_HOTH,2401
VIC,217,HOTH,Hotham,LDP,LDP_HOTH,5227
VIC,217,HOTH,Hotham,AJP,AJP_HOTH,386
VIC,217,HOTH,Hotham,CYA,CYA_HOTH,178
VIC,217,HOTH,Hotham,DHJP,DHJP_HOTH,112
VIC,217,HOTH,Hotham,REAS,REAS_HOTH,301
VIC,217,HOTH,Hotham,UAPP,UAPP_HOTH,4937
VIC,218,INDI,Indi,,Informal,5880
VIC,218,INDI,Indi,IND,HAINES,41319
VIC,218,INDI,Indi,UAPP,WILLIAMS,2558
VIC,218,INDI,Indi,NP,FISHER,3854
VIC,218,INDI,Indi,ALP,DAVID,8723
VIC,218,INDI,Indi,GVIC,GILBERT,3626
VIC,218,INDI,Indi,AJP,ALEKSOV,1749
VIC,218,INDI,Indi,LP,LYMAN,30995
VIC,218,INDI,Indi,LDP,FIDGE,2300
VIC,218,INDI,Indi,DHJP,O'CONNELL,1074
VIC,218,INDI,Indi,ON,STEVENS,5366
VIC,219,ISAA,Isaacs,,Informal,3664
VIC,219,ISAA,Isaacs,ALP,ALP_ISAA,43497
VIC,219,ISAA,Isaacs,LP,LP_ISAA,30032
VIC,219,ISAA,Isaacs,GRN,GRN_ISAA,12273
VIC,219,ISAA,Isaacs,ON,ON_ISAA,3075
VIC,219,ISAA,Isaacs,LDP,LDP_ISAA,5682
VIC,219,ISAA,Isaacs,AJP,AJP_ISAA,1680
VIC,219,ISAA,Isaacs,UAPP,UAPP_ISAA,5427
VIC,220,JAGA,Jagajaga,,Informal,4143
VIC,220,JAGA,Jagajaga,IND,MUSTAF,3150
VIC,220,JAGA,Jagajaga,ALP,ALP_JAGA,42758
VIC,220,JAGA,Jagajaga,LP,LP_JAGA,30686
VIC,220,JAGA,Jagajaga,GRN,GRN_JAGA,17509
VIC,220,JAGA,Jagajaga,ON,ON_JAGA,2427
VIC,220,JAGA,Jagajaga,LDP,LDP_JAGA,3893
VIC,220,JAGA,Jagajaga,CYA,CYA_JAGA,784
VIC,220,JAGA,Jagajaga,UAPP,UAPP_JAGA,3685
VIC,220,JAGA,Jagajaga,VNS,VNS_JAGA,39
VIC,221,KOOY,Kooyong,,Informal,3216
VIC,221,KOOY,Kooyong,IND,RYAN,33932
VIC,221,KOOY,Kooyong,IND,ANDERSON,218
VIC,221,KOOY,Kooyong,ALP,ALP_KOOY,12492
VIC,221,KOOY,Kooyong,LP,LP_KOOY,47837
VIC,221,KOOY,Kooyong,GRN,GRN_KOOY,10852
VIC,221,KOOY,Kooyong,ON,ON_KOOY,589
VIC,221,KOOY,Kooyong,LDP,LDP_KOOY,1551
VIC,221,KOOY,Kooyong,AJP,AJP_KOOY,728
VIC,221,KOOY,Kooyong,CYA,CYA_KOOY,118
VIC,221,KOOY,Kooyong,DHJP,DHJP_KOOY,140
VIC,221,KOOY,Kooyong,REAS,REAS_KOOY,369
VIC,221,KOOY,Kooyong,UAPP,UAPP_KOOY,1283
VIC,221,KOOY,Kooyong,AUVA,AUVA_KOOY,120
VIC,222,LALO,Lalor,,Informal,5259
VIC,222,LALO,Lalor,IND,MOINUDDIN,2254
VIC,222,LALO,Lalor,ALP,ALP_LALO,35683
VIC,222,LALO,Lalor,LP,LP_LALO,20148
VIC,222,LALO,Lalor,GRN,GRN_LALO,8365
VIC,222,LALO,Lalor,ON,ON_LALO,3219
VIC,222,LALO,Lalor,LDP,LDP_LALO,3118
VIC,222,LALO,Lalor,CYA,CYA_LALO,870
VIC,222,LALO,Lalor,UAPP,UAPP_LALO,5845
VIC,222,LALO,Lalor,VNS,VNS_LALO,1356
VIC,223,LTRO,La Trobe,,Informal,4210
VIC,223,LTRO,La Trobe,ALP,ALP_LTRO,22258
VIC,223,LTRO,La Trobe,LP,LP_LTRO,38342
VIC,223,LTRO,La Trobe,GRN,GRN_LTRO,9262
VIC,223,LTRO,La Trobe,ON,ON_LTRO,4287
VIC,223,LTRO,La Trobe,LDP,LDP_LTRO,1770
VIC,223,LTRO,La Trobe,AJP,AJP_LTRO,2286
VIC,223,LTRO,La Trobe,CYA,CYA_LTRO,832
VIC,223,LTRO,La Trobe,UAPP,UAPP_LTRO,5819
VIC,322,MACN,Macnamara,,Informal,3311
VIC,322,MACN,Macnamara,IND,MYERS,1764
VIC,322,MACN,Macnamara,ALP,ALP_MACN,29588
VIC,322,MACN,Macnamara,LP,LP_MACN,27210
VIC,322,MACN,Macnamara,GRN,GRN_MACN,27722
VIC,322,MACN,Macnamara,ON,ON_MACN,1301
VIC,322,MACN,Macnamara,LDP,LDP_MACN,1983
VIC,322,MACN,Macnamara,AJP,AJP_MACN,1728
VIC,322,MACN,Macnamara,CYA,CYA_MACN,23
VIC,322,MACN,Macnamara,REAS,REAS_MACN,68
VIC,322,MACN,Macnamara,UAPP,UAPP_MACN,2068
VIC,224,MALL,Mallee,ALP,HART,17133
VIC,224,MALL,Mallee,GVIC,McCOLL,5463
VIC,224,MALL,Mallee,IND,BALDWIN,10256
VIC,224,MALL,Mallee,ON,ATKINSON,6901
VIC,224,MALL,Mallee,IND,HAENEL,2196
VIC,224,MALL,Mallee,,Informal,6113
VIC,224,MALL,Mallee,CEC,LAHY,822
VIC,224,MALL,Mallee,UAPP,KING,9271
VIC,224,MALL,Mallee,NP,WEBSTER,50187
VIC,225,MARI,Maribyrnong,,Informal,5354
VIC,225,MARI,Maribyrnong,ALP,ALP_MARI,42797
VIC,225,MARI,Maribyrnong,LP,LP_MARI,27139
VIC,225,MARI,Maribyrnong,GRN,GRN_MARI,16953
VIC,225,MARI,Maribyrnong,ON,ON_MARI,2477
VIC,225,MARI,Maribyrnong,SAL,SAL_MARI,197
VIC,225,MARI,Maribyrnong,LDP,LDP_MARI,3575
VIC,225,MARI,Maribyrnong,AJP,AJP_MARI,136
VIC,225,MARI,Maribyrnong,CYA,CYA_MARI,659
VIC,225,MARI,Maribyrnong,GAP,GAP_MARI,1740
VIC,225,MARI,Maribyrnong,UAPP,UAPP_MARI,3748
VIC,225,MARI,Maribyrnong,VNS,VNS_MARI,2020
VIC,226,MCEW,McEwen,,Informal,3804
VIC,226,MCEW,McEwen,ALP,ALP_MCEW,34124
VIC,226,MCEW,McEwen,LP,LP_MCEW,30035
VIC,226,MCEW,McEwen,GRN,GRN_MCEW,12880
VIC,226,MCEW,McEwen,ON,ON_MCEW,5117
VIC,226,MCEW,McEwen,LDP,LDP_MCEW,2442
VIC,226,MCEW,McEwen,CYA,CYA_MCEW,1581
VIC,226,MCEW,McEwen,UAPP,UAPP_MCEW,5360
VIC,226,MCEW,McEwen,VNS,VNS_MCEW,146
VIC,228,MELB,Melbourne,,Informal,2962
VIC,228,MELB,Melbourne,IND,MYERS,71
VIC,228,MELB,Melbourne,IND,ROBSON,899
VIC,228,MELB,Melbourne,ALP,ALP_MELB,24384
VIC,228,MELB,Melbourne,LP,LP_MELB,18556
VIC,228,MELB,Melbourne,GRN,GRN_MELB,42499
VIC,228,MELB,Melbourne,ON,ON_MELB,795
VIC,228,MELB,Melbourne,LDP,LDP_MELB,1821
VIC,228,MELB,Melbourne,AJP,AJP_MELB,1363
VIC,228,MELB,Melbourne,CYA,CYA_MELB,79
VIC,228,MELB,Melbourne,REAS,REAS_MELB,260
VIC,228,MELB,Melbourne,UAPP,UAPP_MELB,1796
VIC,228,MELB,Melbourne,VNS,VNS_MELB,2486
VIC,229,MENZ,Menzies,,Informal,3806
VIC,229,MENZ,Menzies,IND,RYAN,4840
VIC,229,MENZ,Menzies,IND,MURPHY,251
VIC,229,MENZ,Menzies,IND,ANDERSON,30
VIC,229,MENZ,Menzies,IND,TSENG,126
VIC,229,MENZ,Menzies,ALP,ALP_MENZ,34115
VIC,229,MENZ,Menzies,LP,LP_MENZ,43924
VIC,229,MENZ,Menzies,GRN,GRN_MENZ,13843
VIC,229,MENZ,Menzies,CEC,CEC_MENZ,75
VIC,229,MENZ,Menzies,ON,ON_MENZ,2106
VIC,229,MENZ,Menzies,LDP,LDP_MENZ,3273
VIC,229,MENZ,Menzies,AJP,AJP_MENZ,271
VIC,229,MENZ,Menzies,CYA,CYA_MENZ,857
VIC,229,MENZ,Menzies,DHJP,DHJP_MENZ,184
VIC,229,MENZ,Menzies,UAPP,UAPP_MENZ,3365
VIC,229,MENZ,Menzies,AUVA,AUVA_MENZ,20
VIC,323,MONA,Monash,,Informal,4752
VIC,323,MONA,Monash,UAPP,McSHANE,3991
VIC,323,MONA,Monash,IND,LEONARD,10372
VIC,323,MONA,Monash,ALP,O'DONNELL,24759
VIC,323,MONA,Monash,GVIC,MORGAN,9533
VIC,323,MONA,Monash,LP,BROADBENT,36546
VIC,323,MONA,Monash,LDP,EDWARDS,3548
VIC,323,MONA,Monash,ON,HICKEN,7289
VIC,323,MONA,Monash,CYA,WELSH,674
VIC,324,NICH,Nicholls,,Informal,8153
VIC,324,NICH,Nicholls,IND,PRIESTLY,23738
VIC,324,NICH,Nicholls,ALP,ALP_NICH,12974
VIC,324,NICH,Nicholls,LP,LP_NICH,18760
VIC,324,NICH,Nicholls,NP,NP_NICH,23962
VIC,324,NICH,Nicholls,GRN,GRN_NICH,3682
VIC,324,NICH,Nicholls,CEC,CEC_NICH,367
VIC,324,NICH,Nicholls,ON,ON_NICH,6503
VIC,324,NICH,Nicholls,LDP,LDP_NICH,3415
VIC,324,NICH,Nicholls,CYA,CYA_NICH,491
VIC,324,NICH,Nicholls,UAPP,UAPP_NICH,4067
VIC,324,NICH,Nicholls,SOPA,SOPA_NICH,630
VIC,232,SCUL,Scullin,,Informal,5484
VIC,232,SCUL,Scullin,ALP,ALP_SCUL,41454
VIC,232,SCUL,Scullin,LP,LP_SCUL,19528
VIC,232,SCUL,Scullin,GRN,GRN_SCUL,9744
VIC,232,SCUL,Scullin,ON,ON_SCUL,5813
VIC,232,SCUL,Scullin,LDP,LDP_SCUL,3279
VIC,232,SCUL,Scullin,CYA,CYA_SCUL,58
VIC,232,SCUL,Scullin,UAPP,UAPP_SCUL,7395
VIC,232,SCUL,Scullin,VNS,VNS_SCUL,2433
VIC,233,WANN,Wannon,,Informal,5739
VIC,233,WANN,Wannon,IND,DYSON,19504
VIC,233,WANN,Wannon,IND,GARNER,2346
VIC,233,WANN,Wannon,ALP,ALP_WANN,20478
VIC,233,WANN,Wannon,LP,LP_WANN,46224
VIC,233,WANN,Wannon,GRN,GRN_WANN,6965
VIC,233,WANN,Wannon,ON,ON_WANN,3365
VIC,233,WANN,Wannon,LDP,LDP_WANN,2055
VIC,233,WANN,Wannon,AJP,AJP_WANN,58
VIC,233,WANN,Wannon,CYA,CYA_WANN,31
VIC,233,WANN,Wannon,DHJP,DHJP_WANN,59
VIC,233,WANN,Wannon,UAPP,UAPP_WANN,3418
VIC,234,WILL,Wills,,Informal,4902
VIC,234,WILL,Wills,IND,ROBSON,156
VIC,234,WILL,Wills,ALP,ALP_WILL,36501
VIC,234,WILL,Wills,LP,LP_WILL,16224
VIC,234,WILL,Wills,GRN,GRN_WILL,32908
VIC,234,WILL,Wills,ON,ON_WILL,2456
VIC,234,WILL,Wills,SAL,SAL_WILL,2899
VIC,234,WILL,Wills,LDP,LDP_WILL,247
VIC,234,WILL,Wills,AJP,AJP_WILL,1763
VIC,234,WILL,Wills,CYA,CYA_WILL,720
VIC,234,WILL,Wills,UAPP,UAPP_WILL,3283
VIC,234,WILL,Wills,VNS,VNS_WILL,3072
WA,235,BRAN,Brand,,Informal,5724
WA,235,BRAN,Brand,ALP,ALP_BRAN,42050
WA,235,BRAN,Brand,LP,LP_BRAN,18090
WA,235,BRAN,Brand,GRN,GRN_BRAN,9355
WA,235,BRAN,Brand,ON,ON_BRAN,4402
WA,235,BRAN,Brand,LDP,LDP_BRAN,927
WA,235,BRAN,Brand,CYA,CYA_BRAN,509
WA,235,BRAN,Brand,AUC,AUC_BRAN,1815
WA,235,BRAN,Brand,GAP,GAP_BRAN,1243
WA,235,BRAN,Brand,UAPP,UAPP_BRAN,2334
WA,235,BRAN,Brand,WAP,WAP_BRAN,2247
WA,329,BULL,Bullwinkel,,Informal,5589
WA,329,BULL,Bullwinkel,IND,WILLIAMS,1519
WA,329,BULL,Bullwinkel,IND,WILLIAMS,166
WA,329,BULL,Bullwinkel,ALP,ALP_BULL,34800
WA,329,BULL,Bullwinkel,LP,LP_BULL,32793
WA,329,BULL,Bullwinkel,NP,NP_BULL,1307
WA,329,BULL,Bullwinkel,GRN,GRN_BULL,10783
WA,329,BULL,Bullwinkel,ON,ON_BULL,4137
WA,329,BULL,Bullwinkel,LDP,LDP_BULL,1079
WA,329,BULL,Bullwinkel,AJP,AJP_BULL,570
WA,329,BULL,Bullwinkel,CYA,CYA_BULL,1597
WA,329,BULL,Bullwinkel,AUC,AUC_BULL,982
WA,329,BULL,Bullwinkel,GAP,GAP_BULL,377
WA,329,BULL,Bullwinkel,IMO,IMO_BULL,122
WA,329,BULL,Bullwinkel,UAPP,UAPP_BULL,2697
WA,329,BULL,Bullwinkel,WAP,WAP_BULL,2524
WA,317,BURT,Burt,,Informal,5552
WA,317,BURT,Burt,IND,WILLIAMS,172
WA,317,BURT,Burt,ALP,ALP_BURT,44045
WA,317,BURT,Burt,LP,LP_BURT,21949
WA,317,BURT,Burt,GRN,GRN_BURT,8439
WA,317,BURT,Burt,ON,ON_BURT,4297
WA,317,BURT,Burt,LDP,LDP_BURT,89
WA,317,BURT,Burt,CYA,CYA_BURT,1555
WA,317,BURT,Burt,AUC,AUC_BURT,3367
WA,317,BURT,Burt,IMO,IMO_BURT,94
WA,317,BURT,Burt,UAPP,UAPP_BURT,2214
WA,317,BURT,Burt,WAP,WAP_BURT,2295
WA,236,CANN,Canning,,Informal,6123
WA,236,CANN,Canning,IND,WILLIAMS,1370
WA,236,CANN,Canning,ALP,ALP_CANN,30747
WA,236,CANN,Canning,LP,LP_CANN,36535
WA,236,CANN,Canning,GRN,GRN_CANN,7313
WA,236,CANN,Canning,ON,ON_CANN,4062
WA,236,CANN,Canning,LDP,LDP_CANN,721
WA,236,CANN,Canning,CYA,CYA_CANN,588
WA,236,CANN,Canning,AUC,AUC_CANN,1316
WA,236,CANN,Canning,GAP,GAP_CANN,247
WA,236,CANN,Canning,IMO,IMO_CANN,570
WA,236,CANN,Canning,UAPP,UAPP_CANN,2330
WA,236,CANN,Canning,WAP,WAP_CANN,2093
WA,237,COWA,Cowan,,Informal,7266
WA,237,COWA,Cowan,ALP,ALP_COWA,41846
WA,237,COWA,Cowan,LP,LP_COWA,28320
WA,237,COWA,Cowan,GRN,GRN_COWA,9134
WA,237,COWA,Cowan,ON,ON_COWA,2688
WA,237,COWA,Cowan,LDP,LDP_COWA,1093
WA,237,COWA,Cowan,AJP,AJP_COWA,1311
WA,237,COWA,Cowan,CYA,CYA_COWA,965
WA,237,COWA,Cowan,AUC,AUC_COWA,1841
WA,237,COWA,Cowan,GAP,GAP_COWA,332
WA,237,COWA,Cowan,UAPP,UAPP_COWA,2313
WA,237,COWA,Cowan,WAP,WAP_COWA,1614
WA,238,CURT,Curtin,,Informal,3168
WA,238,CURT,Curtin,IND,CHANEY,29586
WA,238,CURT,Curtin,ALP,ALP_CURT,13685
WA,238,CURT,Curtin,LP,LP_CURT,41172
WA,238,CURT,Curtin,GRN,GRN_CURT,10308
WA,238,CURT,Curtin,ON,ON_CURT,1204
WA,238,CURT,Curtin,CYA,CYA_CURT,711
WA,238,CURT,Curtin,UAPP,UAPP_CURT,1720
WA,238,CURT,Curtin,WAP,WAP_CURT,1167
WA,312,DURA,Durack,,Informal,5793
WA,312,DURA,Durack,ALP,ALP_DURA,23921
WA,312,DURA,Durack,LP,LP_DURA,29448
WA,312,DURA,Durack,NP,NP_DURA,7853
WA,312,DURA,Durack,GRN,GRN_DURA,7899
WA,312,DURA,Durack,ON,ON_DURA,5859
WA,312,DURA,Durack,CYA,CYA_DURA,1255
WA,312,DURA,Durack,AUC,AUC_DURA,111
WA,312,DURA,Durack,GAP,GAP_DURA,2508
WA,312,DURA,Durack,UAPP,UAPP_DURA,2026
WA,312,DURA,Durack,WAP,WAP_DURA,2298
WA,239,FORR,Forrest,,Informal,5029
WA,239,FORR,Forrest,ALP,ALP_FORR,25136
WA,239,FORR,Forrest,LP,LP_FORR,39258
WA,239,FORR,Forrest,GRN,GRN_FORR,12262
WA,239,FORR,Forrest,ON,ON_FORR,4789
WA,239,FORR,Forrest,LDP,LDP_FORR,1506
WA,239,FORR,Forrest,CYA,CYA_FORR,1072
WA,239,FORR,Forrest,GAP,GAP_FORR,2768
WA,239,FORR,Forrest,UAPP,UAPP_FORR,2327
WA,239,FORR,Forrest,WAP,WAP_FORR,2036
WA,240,FREM,Fremantle,,Informal,5696
WA,240,FREM,Fremantle,ALP,ALP_FREM,40707
WA,240,FREM,Fremantle,LP,LP_FREM,22312
WA,240,FREM,Fremantle,GRN,GRN_FREM,16658
WA,240,FREM,Fremantle,ON,ON_FREM,2926
WA,240,FREM,Fremantle,SAL,SAL_FREM,1129
WA,240,FREM,Fremantle,LDP,LDP_FREM,1174
WA,240,FREM,Fremantle,CYA,CYA_FREM,1284
WA,240,FREM,Fremantle,GAP,GAP_FREM,2183
WA,240,FREM,Fremantle,UAPP,UAPP_FREM,1907
WA,240,FREM,Fremantle,WAP,WAP_FREM,2112
WA,305,HASL,Hasluck,,Informal,5709
WA,305,HASL,Hasluck,IND,WILLIAMS,1799
WA,305,HASL,Hasluck,ALP,ALP_HASL,36770
WA,305,HASL,Hasluck,LP,LP_HASL,25404
WA,305,HASL,Hasluck,GRN,GRN_HASL,9635
WA,305,HASL,Hasluck,ON,ON_HASL,2953
WA,305,HASL,Hasluck,LDP,LDP_HASL,1112
WA,305,HASL,Hasluck,AJP,AJP_HASL,597
WA,305,HASL,Hasluck,CYA,CYA_HASL,1088
WA,305,HASL,Hasluck,AUC,AUC_HASL,591
WA,305,HASL,Hasluck,GAP,GAP_HASL,92
WA,305,HASL,Hasluck,UAPP,UAPP_HASL,2272
WA,305,HASL,Hasluck,WAP,WAP_HASL,1946
WA,242,MOOR,Moore,,Informal,4461
WA,242,MOOR,Moore,IND,WILLIAMS,0
WA,242,MOOR,Moore,IND,CHANEY,1356
WA,242,MOOR,Moore,ALP,ALP_MOOR,32974
WA,242,MOOR,Moore,LP,LP_MOOR,43226
WA,242,MOOR,Moore,GRN,GRN_MOOR,14589
WA,242,MOOR,Moore,ON,ON_MOOR,3385
WA,242,MOOR,Moore,LDP,LDP_MOOR,0
WA,242,MOOR,Moore,CYA,CYA_MOOR,795
WA,242,MOOR,Moore,GAP,GAP_MOOR,1789
WA,242,MOOR,Moore,UAPP,UAPP_MOOR,2291
WA,242,MOOR,Moore,WAP,WAP_MOOR,2979
WA,243,OCON,O'Connor,,Informal,5736
WA,243,OCON,O'Connor,ALP,ALP_OCON,25296
WA,243,OCON,O'Connor,LP,LP_OCON,42098
WA,243,OCON,O'Connor,GRN,GRN_OCON,10307
WA,243,OCON,O'Connor,ON,ON_OCON,6526
WA,243,OCON,O'Connor,LDP,LDP_OCON,71
WA,243,OCON,O'Connor,CYA,CYA_OCON,1361
WA,243,OCON,O'Connor,AUC,AUC_OCON,2649
WA,243,OCON,O'Connor,GAP,GAP_OCON,2329
WA,243,OCON,O'Connor,UAPP,UAPP_OCON,1716
WA,243,OCON,O'Connor,WAP,WAP_OCON,2257
WA,244,PEAR,Pearce,,Informal,5450
WA,244,PEAR,Pearce,ALP,ALP_PEAR,36083
WA,244,PEAR,Pearce,LP,LP_PEAR,25633
WA,244,PEAR,Pearce,GRN,GRN_PEAR,9564
WA,244,PEAR,Pearce,ON,ON_PEAR,4002
WA,244,PEAR,Pearce,LDP,LDP_PEAR,1250
WA,244,PEAR,Pearce,CYA,CYA_PEAR,621
WA,244,PEAR,Pearce,AUC,AUC_PEAR,1686
WA,244,PEAR,Pearce,GAP,GAP_PEAR,1965
WA,244,PEAR,Pearce,UAPP,UAPP_PEAR,2240
WA,244,PEAR,Pearce,WAP,WAP_PEAR,2050
WA,245,PERT,Perth,,Informal,5473
WA,245,PERT,Perth,ALP,ALP_PERT,36738
WA,245,PERT,Perth,LP,LP_PERT,25539
WA,245,PERT,Perth,GRN,GRN_PERT,20657
WA,245,PERT,Perth,ON,ON_PERT,2457
WA,245,PERT,Perth,LDP,LDP_PERT,1276
WA,245,PERT,Perth,AJP,AJP_PERT,1402
WA,245,PERT,Perth,CYA,CYA_PERT,643
WA,245,PERT,Perth,AUC,AUC_PERT,1352
WA,245,PERT,Perth,GAP,GAP_PERT,610
WA,245,PERT,Perth,UAPP,UAPP_PERT,1492
WA,245,PERT,Perth,WAP,WAP_PERT,1687
WA,247,SWAN,Swan,,Informal,5032
WA,247,SWAN,Swan,ALP,ALP_SWAN,37581
WA,247,SWAN,Swan,LP,LP_SWAN,29678
WA,247,SWAN,Swan,GRN,GRN_SWAN,14149
WA,247,SWAN,Swan,ON,ON_SWAN,2326
WA,247,SWAN,Swan,LDP,LDP_SWAN,1478
WA,247,SWAN,Swan,AJP,AJP_SWAN,1644
WA,247,SWAN,Swan,CYA,CYA_SWAN,836
WA,247,SWAN,Swan,AUC,AUC_SWAN,1939
WA,247,SWAN,Swan,UAPP,UAPP_SWAN,2318
WA,247,SWAN,Swan,WAP,WAP_SWAN,1896
WA,248,TANG,Tangney,,Informal,4256
WA,248,TANG,Tangney,ALP,ALP_TANG,40286
WA,248,TANG,Tangney,LP,LP_TANG,41799
WA,248,TANG,Tangney,GRN,GRN_TANG,13042
WA,248,TANG,Tangney,ON,ON_TANG,2211
WA,248,TANG,Tangney,SAL,SAL_TANG,55
WA,248,TANG,Tangney,LDP,LDP_TANG,1121
WA,248,TANG,Tangney,CYA,CYA_TANG,1041
WA,248,TANG,Tangney,AUC,AUC_TANG,2219
WA,248,TANG,Tangney,GAP,GAP_TANG,110
WA,248,TANG,Tangney,UAPP,UAPP_TANG,1666
WA,248,TANG,Tangney,WAP,WAP_TANG,2063